Index,case_id,date,predicted_class,mission_duration_requested_h,descriptor,alpha,run_name,physical_run_id,deduplicated_baseline,prototype_based_maps,TEMPpred_used_as_objective,information_map_formula,solver_status,solver_runtime,solver_gap,solver_returncode,run_dir,total_script_runtime,trajectory_length,mission_duration,number_of_valid_cells_sampled,collected_STD,collected_descriptor,collected_information_score,percentage_path_in_top10_STD,percentage_path_in_top10_descriptor,trajectory_overlap_ratio_with_baseline,path_difference_from_baseline,regions_visited,crossing_count,fraction_path_region_A,fraction_path_region_B,baseline_STD,baseline_runtime,STD_retention,regime_balance,runtime_score,recommendation_score,iqr10_collected_total,iqr10_collected_mean,iqr10_collected_per_km,percentage_path_in_top10_IQR10,iqr10_raw_collected_total,iqr10_raw_collected_mean,iqr10_route_valid_cells,iqr10_route_mapped_any,iqr10_route_points_roi,iqr10_route_valid_fraction_vs_existing_sampled_cells,planning_time_index,iqr10_previous_days_used,iqr10_requested_days,iqr10_full_window_available,iqr10_window_start_date,iqr10_window_end_date,iqr10_window_time_indices,iqr10_raw_map_path,iqr10_norm_map_path,iqr10_raw_finite_cells,iqr10_raw_min,iqr10_raw_max,iqr10_raw_mean,iqr10_raw_p90,iqr10_norm_finite_cells,iqr10_norm_min,iqr10_norm_max,iqr10_norm_mean,iqr10_norm_p90,baseline_iqr10_collected_total,baseline_iqr10_collected_mean,baseline_iqr10_collected_per_km,baseline_iqr10_run_dir,IQR10_retention_vs_baseline,IQR10_gain_vs_baseline,IQR10_gain_pct_vs_baseline,iqr10_baseline_comparison_exists
0,C01_representative,2024-08-24,1,12.0,boundary_score,0.0,baseline_STD,C01_representative__single_auv_12h__baseline_STD,True,True,False,STD_norm,SUCCESS,398.1073138999636,,0,results\fossum_roi_x490_step12a_single_auv_weight_duration_sensitivity_20260605_152501\planner_runs\C01_representative__sing__51c49ddc1b,1733.9561774000176,36.655,10.566666666666666,156,94.36653137207033,116.15290832519533,94.36653137207033,0.3525641025641026,0.0384615384615384,1.0,0.0,0,0,0.0,0.0,94.36653137207033,398.1073138999636,1.0,0.0,0.0025055917673577,0.5178374105980609,104.97151947021484,0.6728943586349487,2.863770821721862,0.22435897435897437,168.95108032226562,1.083019733428955,156,True,15:51|16:51|17:52|18:52|19:53|20:53|21:53|21:54|22:54|23:54|23:55|24:55|25:55|25:56|26:56|26:57|25:57|25:58|25:59|24:59|24:60|24:61|25:61|26:62|26:63|27:63|27:64|28:65|29:65|29:66|29:67|30:67|31:68|31:69|32:69|32:70|33:71|34:72|35:73|36:74|37:74|38:75|39:75|40:75|41:75|41:74|41:73|42:73|43:73|43:72|43:71|42:71|42:70|42:69|41:69|41:68|40:68|39:68|39:67|38:67|37:67|36:67|36:66|36:65|37:65|37:64|37:63|37:62|37:61|37:60|37:59|36:59|36:58|36:57|36:56|35:56|35:55|34:55|33:54|33:53|32:53|31:53|31:52|30:51|29:51|29:50|28:50|28:49|27:49|27:48|27:47|26:47|26:46|26:45|26:44|26:43|25:43|25:42|25:41|25:40|25:39|26:39|26:38|26:37|27:36|27:35|26:34|25:33|24:32|24:31|24:30|23:29|23:28|23:27|22:27|21:27|20:27|19:27|18:27|17:26|16:25|15:25|16:26|16:27|17:28|17:29|18:29|18:30|18:31|19:31|19:32|19:33|19:34|19:35|19:36|19:37|18:38|18:39|17:39|17:40|16:41|17:42|17:43|17:44|18:45|17:45|17:46|16:46|15:46|14:47|13:47|13:48|13:49|14:50|14:51|14:52,1.0,301,10,10,True,2024-08-14,2024-08-23,291|292|293|294|295|296|297|298|299|300,results\fossum_roi_x490_step12a_single_auv_weight_duration_sensitivity_20260605_152501\iqr10_maps\C01_representative__2024-08-24_iqr10_raw.npy,results\fossum_roi_x490_step12a_single_auv_weight_duration_sensitivity_20260605_152501\iqr10_maps\C01_representative__2024-08-24_iqr10_norm.npy,8004,0.1623706817626953,1.5305633544921875,0.7698600237396942,1.2083181381225585,8004,0.0,1.0,0.4440086212665558,0.7644738018512726,104.97151947021484,0.6728943586349487,2.863770821721862,results\fossum_roi_x490_step12a_single_auv_weight_duration_sensitivity_20260605_152501\planner_runs\C01_representative__sing__51c49ddc1b,1.0,0.0,0.0,True
1,C01_representative,2024-08-24,1,12.0,boundary_score,0.25,boundary_score_alpha025,C01_representative__single_auv_12h__boundary_score_alpha025,False,True,False,(1-0.25)*STD_norm + 0.25*boundary_score,SUCCESS,337.1757312999689,,0,results\fossum_roi_x490_step12a_single_auv_weight_duration_sensitivity_20260605_152501\planner_runs\C01_representative__sing__3759f1d796,1733.9709467000212,37.992,10.95,156,94.88470458984376,130.5449676513672,102.47322082519533,0.391025641025641,0.1987179487179487,0.1024734982332155,0.8975265017667844,0,0,0.0,0.0,94.36653137207033,398.1073138999636,1.0054910698765689,0.0,0.0029570424706584,0.675198446427229,87.42141723632812,0.5603936910629272,2.301048042649193,0.038461538461538464,144.9391632080078,0.9290971755981445,156,True,15:51|14:51|13:52|13:53|12:53|12:54|12:55|11:55|11:56|10:55|9:54|9:53|8:53|8:52|7:52|6:52|5:52|4:52|4:51|5:51|5:50|6:49|7:49|7:48|7:47|8:47|8:46|9:45|10:45|11:46|12:47|13:47|14:47|15:46|16:46|17:46|17:45|18:45|19:45|20:45|21:46|22:46|22:47|22:48|22:49|22:50|22:51|22:52|23:52|24:52|25:52|26:52|27:52|28:52|29:53|30:53|31:54|32:54|33:55|34:55|35:55|35:56|36:56|37:56|37:57|38:57|39:57|39:58|40:58|40:59|39:59|39:60|38:61|37:61|37:62|37:63|37:64|37:65|36:65|36:66|36:67|37:67|37:68|38:68|39:68|39:69|40:69|41:69|41:68|42:68|43:68|43:67|44:67|45:68|45:69|46:69|46:70|47:71|47:72|47:73|48:74|48:75|48:76|47:77|46:78|45:79|44:79|43:79|42:79|41:79|40:78|39:78|38:77|37:77|36:76|35:76|35:75|34:75|33:75|33:74|32:74|31:74|31:73|30:73|29:73|29:72|28:72|28:71|27:71|27:70|27:69|26:69|26:68|26:67|26:66|26:65|25:65|25:64|25:63|25:62|25:61|25:60|24:59|24:58|24:57|23:57|23:56|22:56|21:56|20:55|19:55|19:54|18:53|17:52|17:51|16:51,1.0,301,10,10,True,2024-08-14,2024-08-23,291|292|293|294|295|296|297|298|299|300,results\fossum_roi_x490_step12a_single_auv_weight_duration_sensitivity_20260605_152501\iqr10_maps\C01_representative__2024-08-24_iqr10_raw.npy,results\fossum_roi_x490_step12a_single_auv_weight_duration_sensitivity_20260605_152501\iqr10_maps\C01_representative__2024-08-24_iqr10_norm.npy,8004,0.1623706817626953,1.5305633544921875,0.7698600237396942,1.2083181381225585,8004,0.0,1.0,0.4440086212665558,0.7644738018512726,104.97151947021484,0.6728943586349487,2.863770821721862,results\fossum_roi_x490_step12a_single_auv_weight_duration_sensitivity_20260605_152501\planner_runs\C01_representative__sing__51c49ddc1b,0.8328108202828628,-17.55010223388672,-0.16718917971713723,True
2,C01_representative,2024-08-24,1,12.0,boundary_score,0.5,boundary_score_alpha050,C01_representative__single_auv_12h__boundary_score_alpha050,False,True,False,(1-0.50)*STD_norm + 0.50*boundary_score,SUCCESS,239.1742605000036,,0,results\fossum_roi_x490_step12a_single_auv_weight_duration_sensitivity_20260605_152501\planner_runs\C01_representative__sing__5aa3d15dc5,1733.9762574000051,38.192,11.016666666666667,159,91.25471496582033,138.6181640625,117.25146484375,0.270440251572327,0.2641509433962264,0.0227272727272727,0.9772727272727272,0,0,0.0,0.0,94.36653137207033,398.1073138999636,0.9670241518787984,0.0,0.0041636435058368,0.6854657265990721,81.54972839355469,0.5128913521766663,2.1352568180130573,0.0,137.39266967773438,0.8641048669815063,159,True,15:51|15:52|16:53|17:53|17:54|18:55|19:55|19:56|20:56|21:56|22:57|23:57|24:57|25:57|26:57|27:56|28:56|29:56|29:57|30:57|31:58|31:59|32:59|33:59|33:60|34:61|35:61|35:62|36:62|36:63|35:63|35:64|35:65|34:65|34:66|34:67|34:68|35:69|35:70|35:71|36:71|37:70|38:70|39:70|39:69|40:69|41:69|41:70|42:70|43:71|44:72|45:72|45:73|46:73|47:74|47:75|46:75|46:76|46:77|45:78|45:79|44:79|43:79|42:79|41:79|40:79|39:80|38:80|37:80|37:81|36:81|35:80|35:79|34:79|34:78|33:77|32:77|32:76|31:76|30:76|29:76|28:76|28:75|27:75|27:74|27:73|26:73|26:72|25:72|24:71|23:71|22:71|21:71|21:72|20:72|19:72|19:73|18:73|18:72|18:71|17:71|17:70|17:69|17:68|16:67|16:66|16:65|15:65|15:64|15:63|15:62|15:61|16:60|16:59|16:58|15:58|14:58|13:58|12:57|11:57|10:57|9:57|8:57|7:57|7:56|7:55|6:55|5:55|5:54|4:53|3:53|2:52|1:52|1:51|0:51|0:50|0:49|1:49|1:48|1:47|1:46|2:46|3:47|4:47|5:47|5:48|6:48|7:48|8:48|9:48|9:47|10:47|11:47|12:47|13:47|14:48|14:49|15:49|15:50,1.0,301,10,10,True,2024-08-14,2024-08-23,291|292|293|294|295|296|297|298|299|300,results\fossum_roi_x490_step12a_single_auv_weight_duration_sensitivity_20260605_152501\iqr10_maps\C01_representative__2024-08-24_iqr10_raw.npy,results\fossum_roi_x490_step12a_single_auv_weight_duration_sensitivity_20260605_152501\iqr10_maps\C01_representative__2024-08-24_iqr10_norm.npy,8004,0.1623706817626953,1.5305633544921875,0.7698600237396942,1.2083181381225585,8004,0.0,1.0,0.4440086212665558,0.7644738018512726,104.97151947021484,0.6728943586349487,2.863770821721862,results\fossum_roi_x490_step12a_single_auv_weight_duration_sensitivity_20260605_152501\planner_runs\C01_representative__sing__51c49ddc1b,0.7768748018999003,-23.421791076660156,-0.22312519810009968,True
3,C01_representative,2024-08-24,1,12.0,boundary_score,0.75,boundary_score_alpha075,C01_representative__single_auv_12h__boundary_score_alpha075,False,True,False,(1-0.75)*STD_norm + 0.75*boundary_score,SUCCESS,203.8404533999856,,0,results\fossum_roi_x490_step12a_single_auv_weight_duration_sensitivity_20260605_152501\planner_runs\C01_representative__sing__e9441b37fe,1733.981532800011,37.597,10.866666666666667,145,81.37788391113281,126.08621215820312,119.6306610107422,0.2206896551724138,0.2482758620689655,0.0827338129496402,0.9172661870503596,0,0,0.0,0.0,94.36653137207033,398.1073138999636,0.8623595964365206,0.0,0.004881848206259,0.621822716567381,73.36297607421875,0.5059515833854675,1.951298669420931,0.0,123.91844177246094,0.8546099662780762,145,True,15:51|15:50|15:49|15:48|15:47|14:47|13:47|13:46|13:45|12:45|11:46|11:47|10:47|10:48|9:49|8:50|7:51|6:52|5:51|4:50|3:49|2:50|1:51|0:52|0:53|0:54|0:55|0:56|0:57|1:57|2:57|3:56|4:56|4:57|5:57|5:58|6:59|7:59|7:60|8:59|9:59|10:59|11:58|11:59|12:59|12:60|12:61|13:61|13:62|13:63|13:64|13:65|13:66|13:67|14:67|15:67|15:68|16:68|17:68|18:67|19:67|20:67|21:66|22:67|23:67|23:68|24:68|25:69|26:69|27:69|28:69|29:69|30:69|31:69|31:70|32:70|33:70|33:71|33:72|33:73|33:74|33:75|34:75|35:75|36:75|37:75|38:75|39:75|40:75|41:75|42:75|43:75|44:75|45:76|46:76|47:76|47:77|48:77|48:76|48:75|47:74|47:73|47:72|47:71|46:70|45:70|45:69|44:69|43:69|43:68|42:68|41:68|41:67|40:67|39:67|39:66|38:66|37:65|36:65|35:65|34:65|33:65|33:64|32:63|31:62|31:61|30:60|29:60|29:59|28:59|27:58|26:57|25:57|25:56|24:56|23:55|22:54|21:54|21:53|20:53|19:52|19:51|18:51|17:51|16:51,1.0,301,10,10,True,2024-08-14,2024-08-23,291|292|293|294|295|296|297|298|299|300,results\fossum_roi_x490_step12a_single_auv_weight_duration_sensitivity_20260605_152501\iqr10_maps\C01_representative__2024-08-24_iqr10_raw.npy,results\fossum_roi_x490_step12a_single_auv_weight_duration_sensitivity_20260605_152501\iqr10_maps\C01_representative__2024-08-24_iqr10_norm.npy,8004,0.1623706817626953,1.5305633544921875,0.7698600237396942,1.2083181381225585,8004,0.0,1.0,0.4440086212665558,0.7644738018512726,104.97151947021484,0.6728943586349487,2.863770821721862,results\fossum_roi_x490_step12a_single_auv_weight_duration_sensitivity_20260605_152501\planner_runs\C01_representative__sing__51c49ddc1b,0.6988845778786229,-31.608543395996094,-0.30111542212137704,True
4,C01_representative,2024-08-24,1,12.0,boundary_score,1.0,boundary_score_alpha100,C01_representative__single_auv_12h__boundary_score_alpha100,False,True,False,(1-1.00)*STD_norm + 1.00*boundary_score,SUCCESS,113.65234190004412,,0,results\fossum_roi_x490_step12a_single_auv_weight_duration_sensitivity_20260605_152501\planner_runs\C01_representative__sing__2a67cd1ec8,1733.9866978999926,37.615,10.816666666666666,156,79.61170196533203,134.8861083984375,134.8861083984375,0.1987179487179487,0.1602564102564102,0.054054054054054,0.945945945945946,1,0,0.2243589758872985,0.0,94.36653137207033,398.1073138999636,0.8436434062775643,0.0,0.0087220198334179,0.6326546300436376,75.79541015625,0.48586800694465637,2.015031507543533,0.0,129.03253173828125,0.8271316289901733,156,True,15:51|16:51|17:51|17:50|18:50|19:50|19:51|20:51|20:52|20:53|21:53|21:54|22:55|23:55|24:55|25:56|25:57|25:58|25:59|26:59|26:60|26:61|27:61|27:62|28:62|29:62|29:63|30:63|31:63|32:64|33:64|34:65|35:65|36:66|36:67|37:67|37:68|38:69|39:69|40:69|41:68|42:68|43:68|44:69|45:69|46:69|45:70|45:71|45:72|44:73|44:74|44:75|45:75|45:76|45:77|45:78|45:79|44:79|43:79|43:80|43:81|42:81|43:82|44:82|45:82|45:83|46:83|46:84|46:85|46:86|46:87|46:88|46:89|46:90|45:90|45:91|44:91|43:91|43:92|42:92|41:92|41:91|40:91|39:91|38:90|37:90|36:89|35:89|34:89|33:88|32:88|31:88|31:87|30:87|29:87|28:87|27:87|26:87|25:87|24:86|23:85|22:84|21:84|21:83|20:83|19:83|19:82|18:82|17:81|17:80|17:79|16:79|16:78|16:77|16:76|16:75|15:75|15:74|15:73|15:72|15:71|14:71|14:70|14:69|14:68|14:67|13:67|13:66|13:65|12:65|11:65|10:65|9:66|8:66|7:66|7:65|7:64|7:63|8:63|8:62|8:61|8:60|8:59|8:58|8:57|9:56|9:55|9:54|9:53|9:52|9:51|10:51|11:51|12:52|13:52|14:52,1.0,301,10,10,True,2024-08-14,2024-08-23,291|292|293|294|295|296|297|298|299|300,results\fossum_roi_x490_step12a_single_auv_weight_duration_sensitivity_20260605_152501\iqr10_maps\C01_representative__2024-08-24_iqr10_raw.npy,results\fossum_roi_x490_step12a_single_auv_weight_duration_sensitivity_20260605_152501\iqr10_maps\C01_representative__2024-08-24_iqr10_norm.npy,8004,0.1623706817626953,1.5305633544921875,0.7698600237396942,1.2083181381225585,8004,0.0,1.0,0.4440086212665558,0.7644738018512726,104.97151947021484,0.6728943586349487,2.863770821721862,results\fossum_roi_x490_step12a_single_auv_weight_duration_sensitivity_20260605_152501\planner_runs\C01_representative__sing__51c49ddc1b,0.7220569020891098,-29.176109313964844,-0.2779430979108902,True
5,C01_representative,2024-08-24,1,12.0,boundary_distance_score_r1_cells,0.0,baseline_STD,C01_representative__single_auv_12h__baseline_STD,True,True,False,STD_norm,SUCCESS,398.1073138999636,,0,results\fossum_roi_x490_step12a_single_auv_weight_duration_sensitivity_20260605_152501\planner_runs\C01_representative__sing__51c49ddc1b,1733.9916492999764,36.655,10.566666666666666,156,94.36653137207033,24.48605728149414,94.36653137207033,0.3525641025641026,0.391025641025641,1.0,0.0,0,0,0.0,0.0,94.36653137207033,398.1073138999636,1.0,0.0,0.0025055917673577,0.4114538361674238,104.97151947021484,0.6728943586349487,2.863770821721862,0.22435897435897437,168.95108032226562,1.083019733428955,156,True,15:51|16:51|17:52|18:52|19:53|20:53|21:53|21:54|22:54|23:54|23:55|24:55|25:55|25:56|26:56|26:57|25:57|25:58|25:59|24:59|24:60|24:61|25:61|26:62|26:63|27:63|27:64|28:65|29:65|29:66|29:67|30:67|31:68|31:69|32:69|32:70|33:71|34:72|35:73|36:74|37:74|38:75|39:75|40:75|41:75|41:74|41:73|42:73|43:73|43:72|43:71|42:71|42:70|42:69|41:69|41:68|40:68|39:68|39:67|38:67|37:67|36:67|36:66|36:65|37:65|37:64|37:63|37:62|37:61|37:60|37:59|36:59|36:58|36:57|36:56|35:56|35:55|34:55|33:54|33:53|32:53|31:53|31:52|30:51|29:51|29:50|28:50|28:49|27:49|27:48|27:47|26:47|26:46|26:45|26:44|26:43|25:43|25:42|25:41|25:40|25:39|26:39|26:38|26:37|27:36|27:35|26:34|25:33|24:32|24:31|24:30|23:29|23:28|23:27|22:27|21:27|20:27|19:27|18:27|17:26|16:25|15:25|16:26|16:27|17:28|17:29|18:29|18:30|18:31|19:31|19:32|19:33|19:34|19:35|19:36|19:37|18:38|18:39|17:39|17:40|16:41|17:42|17:43|17:44|18:45|17:45|17:46|16:46|15:46|14:47|13:47|13:48|13:49|14:50|14:51|14:52,1.0,301,10,10,True,2024-08-14,2024-08-23,291|292|293|294|295|296|297|298|299|300,results\fossum_roi_x490_step12a_single_auv_weight_duration_sensitivity_20260605_152501\iqr10_maps\C01_representative__2024-08-24_iqr10_raw.npy,results\fossum_roi_x490_step12a_single_auv_weight_duration_sensitivity_20260605_152501\iqr10_maps\C01_representative__2024-08-24_iqr10_norm.npy,8004,0.1623706817626953,1.5305633544921875,0.7698600237396942,1.2083181381225585,8004,0.0,1.0,0.4440086212665558,0.7644738018512726,104.97151947021484,0.6728943586349487,2.863770821721862,results\fossum_roi_x490_step12a_single_auv_weight_duration_sensitivity_20260605_152501\planner_runs\C01_representative__sing__51c49ddc1b,1.0,0.0,0.0,True
6,C01_representative,2024-08-24,1,12.0,boundary_distance_score_r1_cells,0.25,boundary_distance_score_r1_cells_alpha025,C01_representative__single_auv_12h__boundary_distance_score_r1_cells_alpha025,False,True,False,(1-0.25)*STD_norm + 0.25*boundary_distance_score_r1_cells,SUCCESS,358.02024990000064,,0,results\fossum_roi_x490_step12a_single_auv_weight_duration_sensitivity_20260605_152501\planner_runs\C01_representative__sing__c388adce9e,1733.9967910000123,38.224,11.05,160,96.8813934326172,49.443790435791016,99.54446411132812,0.36875,0.625,0.0784982935153583,0.9215017064846416,0,0,0.0,0.0,94.36653137207033,398.1073138999636,1.026649936412638,0.0,0.0027853582082863,0.6214167846220082,98.92400360107422,0.6182750463485718,2.588007628743047,0.2375,161.32640075683594,1.0082900524139404,160,True,15:51|15:52|16:53|15:53|15:54|14:55|13:55|13:56|12:56|13:57|14:57|15:57|15:58|16:58|17:58|17:57|18:57|19:57|19:56|20:56|21:56|22:57|23:57|24:57|24:58|24:59|25:59|25:60|25:61|25:62|26:62|27:62|27:61|28:61|29:61|30:61|31:62|31:63|31:64|32:65|33:65|34:65|35:65|36:65|37:66|37:67|37:68|38:69|39:69|40:69|41:69|42:69|43:69|43:70|44:70|45:70|45:71|46:71|46:70|46:69|46:68|45:67|45:66|45:65|45:64|44:64|43:63|42:63|41:63|41:62|40:62|39:62|38:62|37:62|37:61|36:61|35:61|34:61|33:61|33:60|33:59|32:59|31:59|31:58|31:57|30:57|29:57|29:56|29:55|28:55|28:54|28:53|27:53|27:52|27:51|27:50|27:49|26:49|26:48|26:47|26:46|26:45|25:45|25:44|25:43|24:43|24:42|24:41|23:41|23:40|23:39|22:39|22:38|23:38|23:37|24:37|25:37|25:36|26:36|27:35|26:34|25:33|24:32|23:32|23:33|22:33|21:33|20:34|19:34|19:35|18:35|18:36|18:37|17:37|17:38|16:38|15:38|14:38|13:38|12:38|11:39|10:40|9:41|8:42|7:42|7:43|6:43|5:44|6:45|7:45|7:46|8:46|9:47|10:48|11:48|11:49|12:49|13:50|13:51|14:51,1.0,301,10,10,True,2024-08-14,2024-08-23,291|292|293|294|295|296|297|298|299|300,results\fossum_roi_x490_step12a_single_auv_weight_duration_sensitivity_20260605_152501\iqr10_maps\C01_representative__2024-08-24_iqr10_raw.npy,results\fossum_roi_x490_step12a_single_auv_weight_duration_sensitivity_20260605_152501\iqr10_maps\C01_representative__2024-08-24_iqr10_norm.npy,8004,0.1623706817626953,1.5305633544921875,0.7698600237396942,1.2083181381225585,8004,0.0,1.0,0.4440086212665558,0.7644738018512726,104.97151947021484,0.6728943586349487,2.863770821721862,results\fossum_roi_x490_step12a_single_auv_weight_duration_sensitivity_20260605_152501\planner_runs\C01_representative__sing__51c49ddc1b,0.9423889841772122,-6.047515869140625,-0.0576110158227878,True
7,C01_representative,2024-08-24,1,12.0,boundary_distance_score_r1_cells,0.5,boundary_distance_score_r1_cells_alpha050,C01_representative__single_auv_12h__boundary_distance_score_r1_cells_alpha050,False,True,False,(1-0.50)*STD_norm + 0.50*boundary_distance_score_r1_cells,SUCCESS,309.57600930001354,,0,results\fossum_roi_x490_step12a_single_auv_weight_duration_sensitivity_20260605_152501\planner_runs\C01_representative__sing__397c795c95,1734.001940599992,38.805,11.1,150,87.734130859375,69.78160858154297,87.24310302734375,0.3133333333333333,0.6266666666666667,0.0662020905923344,0.9337979094076656,0,0,0.0,0.0,94.36653137207033,398.1073138999636,0.9297166016779302,0.0,0.0032198237148253,0.6402126838876744,80.5030517578125,0.5366870164871216,2.0745535822139543,0.04666666666666667,134.499267578125,0.8966617584228516,150,True,15:51|15:52|16:53|17:53|17:54|18:55|19:55|19:56|20:56|21:56|22:57|23:57|24:57|25:57|25:58|25:59|26:59|27:59|27:60|27:61|27:62|27:63|27:64|27:65|27:66|28:67|29:68|29:69|30:69|31:70|32:70|33:70|33:71|34:71|35:71|35:72|36:72|37:72|37:73|38:73|39:73|40:74|41:74|42:74|43:75|44:75|45:76|46:76|47:76|47:77|48:77|49:77|50:77|51:77|51:76|52:76|53:76|54:76|53:75|52:75|51:74|51:73|50:73|49:73|49:72|48:72|47:71|46:71|45:70|44:69|43:69|42:68|41:68|41:67|40:67|39:67|39:66|38:66|37:65|36:65|35:64|34:63|33:63|32:63|31:62|31:61|30:61|30:60|30:59|29:58|29:57|29:56|28:55|28:54|28:53|27:53|27:52|26:52|25:52|24:52|23:52|23:51|22:51|21:51|21:50|21:49|20:49|19:48|19:47|19:46|18:45|17:44|17:43|17:42|16:41|15:41|15:40|14:39|13:39|13:38|12:38|11:38|11:39|10:39|9:39|9:40|8:40|7:40|6:40|5:40|4:40|3:40|2:40|1:40|0:40|1:41|2:42|3:43|4:44|5:45|6:46|7:47|8:48|9:48|9:49|10:49|11:50|12:50|13:51|14:51,1.0,301,10,10,True,2024-08-14,2024-08-23,291|292|293|294|295|296|297|298|299|300,results\fossum_roi_x490_step12a_single_auv_weight_duration_sensitivity_20260605_152501\iqr10_maps\C01_representative__2024-08-24_iqr10_raw.npy,results\fossum_roi_x490_step12a_single_auv_weight_duration_sensitivity_20260605_152501\iqr10_maps\C01_representative__2024-08-24_iqr10_norm.npy,8004,0.1623706817626953,1.5305633544921875,0.7698600237396942,1.2083181381225585,8004,0.0,1.0,0.4440086212665558,0.7644738018512726,104.97151947021484,0.6728943586349487,2.863770821721862,results\fossum_roi_x490_step12a_single_auv_weight_duration_sensitivity_20260605_152501\planner_runs\C01_representative__sing__51c49ddc1b,0.7669037484082037,-24.468467712402344,-0.2330962515917963,True
8,C01_representative,2024-08-24,1,12.0,boundary_distance_score_r1_cells,0.75,boundary_distance_score_r1_cells_alpha075,C01_representative__single_auv_12h__boundary_distance_score_r1_cells_alpha075,False,True,False,(1-0.75)*STD_norm + 0.75*boundary_distance_score_r1_cells,SUCCESS,159.5696489000111,,0,results\fossum_roi_x490_step12a_single_auv_weight_duration_sensitivity_20260605_152501\planner_runs\C01_representative__sing__48907c60e1,1734.0082267000107,38.884,11.05,156,91.64227294921876,66.06304931640625,76.16157531738281,0.2948717948717949,0.6666666666666666,0.0721649484536082,0.9278350515463918,0,0,0.0,0.0,94.36653137207033,398.1073138999636,0.9711310950689678,0.0,0.0062278270323846,0.6448195321190365,79.15690612792969,0.5074160695075989,2.035719219420062,0.05128205128205128,133.63174438476562,0.8566137552261353,156,True,15:51|14:50|13:50|13:49|12:49|11:49|11:48|10:48|9:47|8:46|7:46|7:45|6:45|5:45|5:44|4:43|3:43|3:42|2:42|3:41|4:41|5:41|5:40|6:40|7:39|8:40|9:40|9:41|10:41|11:42|11:43|12:43|13:44|14:44|15:44|15:45|16:45|17:45|18:45|19:45|19:46|20:47|21:47|21:48|22:48|23:48|23:49|24:50|25:50|25:51|26:51|27:51|27:52|28:53|29:53|29:54|30:54|31:55|32:56|33:56|33:57|34:57|35:58|36:58|37:58|38:59|39:59|40:59|41:59|42:60|42:61|43:61|43:62|44:63|45:63|45:64|45:65|45:66|45:67|46:67|46:68|46:69|46:70|47:70|47:71|48:71|49:72|50:73|51:73|52:74|53:74|53:75|54:75|55:75|55:76|56:77|57:77|57:78|58:78|56:78|55:78|54:78|53:78|52:78|51:78|50:77|49:77|49:76|48:76|47:76|47:75|46:75|45:75|45:74|44:74|43:73|43:72|43:71|42:70|42:69|42:68|41:68|41:67|40:67|39:66|38:66|37:65|36:64|35:64|35:63|34:63|33:63|33:62|32:62|31:62|31:61|30:61|29:60|28:59|27:59|27:58|26:58|25:58|25:57|24:57|23:56|23:55|22:55|21:55|21:54|20:54|19:53|18:52|17:52|17:51|16:51,1.0,301,10,10,True,2024-08-14,2024-08-23,291|292|293|294|295|296|297|298|299|300,results\fossum_roi_x490_step12a_single_auv_weight_duration_sensitivity_20260605_152501\iqr10_maps\C01_representative__2024-08-24_iqr10_raw.npy,results\fossum_roi_x490_step12a_single_auv_weight_duration_sensitivity_20260605_152501\iqr10_maps\C01_representative__2024-08-24_iqr10_norm.npy,8004,0.1623706817626953,1.5305633544921875,0.7698600237396942,1.2083181381225585,8004,0.0,1.0,0.4440086212665558,0.7644738018512726,104.97151947021484,0.6728943586349487,2.863770821721862,results\fossum_roi_x490_step12a_single_auv_weight_duration_sensitivity_20260605_152501\planner_runs\C01_representative__sing__51c49ddc1b,0.7540798354394601,-25.814613342285156,-0.24592016456053994,True
9,C01_representative,2024-08-24,1,12.0,boundary_distance_score_r1_cells,1.0,boundary_distance_score_r1_cells_alpha100,C01_representative__single_auv_12h__boundary_distance_score_r1_cells_alpha100,False,True,False,(1-1.00)*STD_norm + 1.00*boundary_distance_score_r1_cells,SUCCESS,91.48698780004634,,0,results\fossum_roi_x490_step12a_single_auv_weight_duration_sensitivity_20260605_152501\planner_runs\C01_representative__sing__b18f7e1de0,1734.0136447999976,38.928,10.916666666666666,93,52.74040985107422,80.01551055908203,80.01551055908203,0.2150537634408602,1.0,0.0289256198347107,0.9710743801652892,0,0,0.0,0.0,94.36653137207033,398.1073138999636,0.5588889311097834,0.0,0.010812331807821,0.5423535160939996,45.402801513671875,0.48820215463638306,1.1663276180043125,0.0,77.22026062011719,0.8303253650665283,93,True,15:51|15:52|16:53|17:53|18:54|19:54|19:55|20:55|21:55|21:56|22:56|23:56|23:57|24:57|25:57|25:58|26:58|27:58|27:59|28:59|29:60|30:60|31:61|32:62|33:62|34:63|35:63|35:64|36:64|37:64|37:65|38:65|39:65|39:66|40:66|41:67|42:67|43:68|44:69|45:69|45:70|46:70|47:70|47:71|48:71|49:71|49:72|50:72|51:73|52:74|53:74|53:75|54:75|55:75|55:76|56:76|57:76|57:77|58:77|59:78|50:73|43:69|42:68|40:67|33:63|20:54|18:53|17:52|16:52|14:51|13:51|13:50|12:50|11:49|10:48|9:48|9:47|8:46|7:46|7:45|6:45|5:44|5:43|4:43|3:43|3:42|2:41|1:41|1:40|0:40|2:42|11:48|12:49,1.0,301,10,10,True,2024-08-14,2024-08-23,291|292|293|294|295|296|297|298|299|300,results\fossum_roi_x490_step12a_single_auv_weight_duration_sensitivity_20260605_152501\iqr10_maps\C01_representative__2024-08-24_iqr10_raw.npy,results\fossum_roi_x490_step12a_single_auv_weight_duration_sensitivity_20260605_152501\iqr10_maps\C01_representative__2024-08-24_iqr10_norm.npy,8004,0.1623706817626953,1.5305633544921875,0.7698600237396942,1.2083181381225585,8004,0.0,1.0,0.4440086212665558,0.7644738018512726,104.97151947021484,0.6728943586349487,2.863770821721862,results\fossum_roi_x490_step12a_single_auv_weight_duration_sensitivity_20260605_152501\planner_runs\C01_representative__sing__51c49ddc1b,0.43252495289024273,-59.56871795654297,-0.5674750471097573,True
10,C01_representative,2024-08-24,1,12.0,boundary_distance_score_r3_cells,0.0,baseline_STD,C01_representative__single_auv_12h__baseline_STD,True,True,False,STD_norm,SUCCESS,398.1073138999636,,0,results\fossum_roi_x490_step12a_single_auv_weight_duration_sensitivity_20260605_152501\planner_runs\C01_representative__sing__51c49ddc1b,1734.0208090000087,36.655,10.566666666666666,156,94.36653137207033,55.55754470825195,94.36653137207033,0.3525641025641026,0.391025641025641,1.0,0.0,0,0,0.0,0.0,94.36653137207033,398.1073138999636,1.0,0.0,0.0025055917673577,0.4284404806543693,104.97151947021484,0.6728943586349487,2.863770821721862,0.22435897435897437,168.95108032226562,1.083019733428955,156,True,15:51|16:51|17:52|18:52|19:53|20:53|21:53|21:54|22:54|23:54|23:55|24:55|25:55|25:56|26:56|26:57|25:57|25:58|25:59|24:59|24:60|24:61|25:61|26:62|26:63|27:63|27:64|28:65|29:65|29:66|29:67|30:67|31:68|31:69|32:69|32:70|33:71|34:72|35:73|36:74|37:74|38:75|39:75|40:75|41:75|41:74|41:73|42:73|43:73|43:72|43:71|42:71|42:70|42:69|41:69|41:68|40:68|39:68|39:67|38:67|37:67|36:67|36:66|36:65|37:65|37:64|37:63|37:62|37:61|37:60|37:59|36:59|36:58|36:57|36:56|35:56|35:55|34:55|33:54|33:53|32:53|31:53|31:52|30:51|29:51|29:50|28:50|28:49|27:49|27:48|27:47|26:47|26:46|26:45|26:44|26:43|25:43|25:42|25:41|25:40|25:39|26:39|26:38|26:37|27:36|27:35|26:34|25:33|24:32|24:31|24:30|23:29|23:28|23:27|22:27|21:27|20:27|19:27|18:27|17:26|16:25|15:25|16:26|16:27|17:28|17:29|18:29|18:30|18:31|19:31|19:32|19:33|19:34|19:35|19:36|19:37|18:38|18:39|17:39|17:40|16:41|17:42|17:43|17:44|18:45|17:45|17:46|16:46|15:46|14:47|13:47|13:48|13:49|14:50|14:51|14:52,1.0,301,10,10,True,2024-08-14,2024-08-23,291|292|293|294|295|296|297|298|299|300,results\fossum_roi_x490_step12a_single_auv_weight_duration_sensitivity_20260605_152501\iqr10_maps\C01_representative__2024-08-24_iqr10_raw.npy,results\fossum_roi_x490_step12a_single_auv_weight_duration_sensitivity_20260605_152501\iqr10_maps\C01_representative__2024-08-24_iqr10_norm.npy,8004,0.1623706817626953,1.5305633544921875,0.7698600237396942,1.2083181381225585,8004,0.0,1.0,0.4440086212665558,0.7644738018512726,104.97151947021484,0.6728943586349487,2.863770821721862,results\fossum_roi_x490_step12a_single_auv_weight_duration_sensitivity_20260605_152501\planner_runs\C01_representative__sing__51c49ddc1b,1.0,0.0,0.0,True
11,C01_representative,2024-08-24,1,12.0,boundary_distance_score_r3_cells,0.25,boundary_distance_score_r3_cells_alpha025,C01_representative__single_auv_12h__boundary_distance_score_r3_cells_alpha025,False,True,False,(1-0.25)*STD_norm + 0.25*boundary_distance_score_r3_cells,SUCCESS,351.7276838999824,,0,results\fossum_roi_x490_step12a_single_auv_weight_duration_sensitivity_20260605_152501\planner_runs\C01_representative__sing__6b733a719e,1734.0256285999783,38.209,11.0,148,87.32256317138672,115.83938598632812,106.09300231933594,0.3445945945945945,0.9864864864864864,0.0780141843971631,0.9219858156028368,0,0,0.0,0.0,94.36653137207033,398.1073138999636,0.9253552281909092,0.0,0.0028350482415878,0.6254843747281406,76.39518737792969,0.5161836743354797,1.9994029516064196,0.0,128.55418395996094,0.8686093688011169,148,True,15:51|16:51|17:51|18:51|19:51|19:52|20:52|21:52|22:52|22:53|23:53|23:54|23:55|24:56|24:57|25:57|26:57|27:58|28:58|29:58|30:57|31:57|32:57|33:58|33:59|34:59|34:60|35:61|36:61|37:62|38:63|39:63|40:64|41:65|42:66|43:67|44:68|45:69|46:70|47:71|48:71|49:71|49:72|50:72|51:72|52:72|53:72|53:71|54:71|55:71|56:72|57:73|58:74|59:75|59:76|58:77|57:78|57:79|56:78|55:77|54:76|53:76|52:76|51:76|51:77|50:77|49:77|48:77|47:77|47:76|47:75|46:75|45:75|45:74|45:73|44:73|43:73|43:72|43:71|42:71|41:71|41:70|41:69|40:69|39:69|39:68|38:68|37:68|37:67|36:67|35:67|35:66|35:65|34:65|33:65|33:64|33:63|32:63|31:63|31:62|30:62|29:62|28:62|27:62|26:62|25:62|24:62|23:62|23:61|22:61|21:61|21:60|21:59|20:58|20:57|20:56|19:56|18:56|17:56|16:56|15:56|14:56|13:56|12:56|12:55|11:55|11:54|10:53|9:53|9:52|9:51|8:51|7:50|7:49|6:49|6:48|7:47|8:46|9:45|10:45|11:46|12:47|13:47|13:48|13:49|14:50|14:51|14:52,1.0,301,10,10,True,2024-08-14,2024-08-23,291|292|293|294|295|296|297|298|299|300,results\fossum_roi_x490_step12a_single_auv_weight_duration_sensitivity_20260605_152501\iqr10_maps\C01_representative__2024-08-24_iqr10_raw.npy,results\fossum_roi_x490_step12a_single_auv_weight_duration_sensitivity_20260605_152501\iqr10_maps\C01_representative__2024-08-24_iqr10_norm.npy,8004,0.1623706817626953,1.5305633544921875,0.7698600237396942,1.2083181381225585,8004,0.0,1.0,0.4440086212665558,0.7644738018512726,104.97151947021484,0.6728943586349487,2.863770821721862,results\fossum_roi_x490_step12a_single_auv_weight_duration_sensitivity_20260605_152501\planner_runs\C01_representative__sing__51c49ddc1b,0.7277706159107895,-28.576332092285156,-0.2722293840892105,True
12,C01_representative,2024-08-24,1,12.0,boundary_distance_score_r3_cells,0.5,boundary_distance_score_r3_cells_alpha050,C01_representative__single_auv_12h__boundary_distance_score_r3_cells_alpha050,False,True,False,(1-0.50)*STD_norm + 0.50*boundary_distance_score_r3_cells,SUCCESS,316.76249400002416,,0,results\fossum_roi_x490_step12a_single_auv_weight_duration_sensitivity_20260605_152501\planner_runs\C01_representative__sing__65ecf17c6a,1734.030393399997,38.525,11.083333333333334,164,96.73814392089844,125.86660766601562,123.29387664794922,0.3353658536585366,0.951219512195122,0.0702341137123745,0.9297658862876256,0,0,0.0,0.0,94.36653137207033,398.1073138999636,1.0251319245747974,0.0,0.0031470045045653,0.6757164175790855,84.00411987304688,0.5122202634811401,2.18050927639317,0.0,141.5626220703125,0.8631867170333862,164,True,15:51|15:50|15:49|16:49|16:48|15:48|14:49|13:49|12:49|12:48|12:47|12:46|12:45|12:44|11:44|11:43|10:43|9:43|8:43|7:42|6:42|5:42|5:41|4:41|3:41|2:41|1:40|0:40|0:41|1:41|1:42|1:43|2:44|2:45|3:45|3:46|4:46|5:46|5:47|6:47|7:48|7:49|8:49|8:50|8:51|9:51|9:52|10:53|11:54|11:55|12:55|12:56|13:56|13:57|14:57|15:57|15:58|16:58|17:58|17:59|18:59|19:59|19:60|20:60|21:60|21:61|22:61|23:61|24:61|25:61|25:60|26:60|27:60|28:61|29:61|30:61|31:62|32:63|33:63|34:63|35:64|35:65|36:65|37:65|37:66|37:67|38:67|39:67|39:68|39:69|40:69|41:69|41:70|42:70|43:71|44:71|45:71|45:72|46:72|46:73|47:73|47:74|47:75|48:76|48:77|49:76|49:75|49:74|50:73|50:72|49:71|49:70|49:69|48:69|48:68|47:68|46:67|45:67|44:67|43:67|43:66|43:65|42:65|41:65|41:64|41:63|40:63|39:63|39:62|39:61|38:61|37:61|37:60|36:59|35:59|34:59|33:58|32:57|31:57|30:57|29:56|28:56|27:56|27:57|26:57|25:57|24:57|23:57|22:57|21:56|20:56|20:55|20:54|20:53|20:52|20:51|19:51|19:52|18:52|17:52|17:53|16:53|15:53|15:52,1.0,301,10,10,True,2024-08-14,2024-08-23,291|292|293|294|295|296|297|298|299|300,results\fossum_roi_x490_step12a_single_auv_weight_duration_sensitivity_20260605_152501\iqr10_maps\C01_representative__2024-08-24_iqr10_raw.npy,results\fossum_roi_x490_step12a_single_auv_weight_duration_sensitivity_20260605_152501\iqr10_maps\C01_representative__2024-08-24_iqr10_norm.npy,8004,0.1623706817626953,1.5305633544921875,0.7698600237396942,1.2083181381225585,8004,0.0,1.0,0.4440086212665558,0.7644738018512726,104.97151947021484,0.6728943586349487,2.863770821721862,results\fossum_roi_x490_step12a_single_auv_weight_duration_sensitivity_20260605_152501\planner_runs\C01_representative__sing__51c49ddc1b,0.8002563009186757,-20.96739959716797,-0.1997436990813243,True
13,C01_representative,2024-08-24,1,12.0,boundary_distance_score_r3_cells,0.75,boundary_distance_score_r3_cells_alpha075,C01_representative__single_auv_12h__boundary_distance_score_r3_cells_alpha075,False,True,False,(1-0.75)*STD_norm + 0.75*boundary_distance_score_r3_cells,SUCCESS,179.4315534000052,,0,results\fossum_roi_x490_step12a_single_auv_weight_duration_sensitivity_20260605_152501\planner_runs\C01_representative__sing__9fd6424366,1734.0355157000013,39.984,11.316666666666666,156,88.14088439941406,135.17022705078125,129.72119140625,0.2179487179487179,1.0,0.0684931506849315,0.9315068493150684,0,0,0.0,0.0,94.36653137207033,398.1073138999636,0.9340269597479468,0.0,0.0055422678636649,0.6574239687107601,72.11344909667969,0.4622657001018524,1.803557650477183,0.0,123.99491882324219,0.7948392033576965,156,True,15:51|14:50|13:50|13:49|12:49|11:49|11:48|10:48|10:49|10:50|10:51|10:52|10:53|11:53|11:54|12:54|13:54|13:55|14:55|15:56|16:56|17:57|18:58|19:58|20:59|21:59|21:60|22:60|23:60|23:61|24:61|25:61|25:62|26:62|27:62|27:63|28:63|29:64|30:64|31:65|32:66|33:66|34:67|35:67|36:68|37:68|37:69|38:69|39:69|39:70|40:70|41:70|41:71|42:71|43:71|43:72|44:72|45:72|45:73|46:73|47:74|48:74|49:75|50:76|51:76|52:77|53:77|53:78|54:78|55:78|55:79|56:79|57:79|57:80|58:80|59:80|59:81|60:81|61:82|62:82|63:83|64:83|65:84|66:85|67:85|68:84|69:83|70:82|69:82|69:81|68:81|67:81|67:80|66:80|65:80|65:79|64:79|63:79|63:78|62:78|61:77|60:77|59:76|58:76|57:75|56:75|55:74|54:74|53:73|52:72|51:72|51:71|50:71|49:71|49:70|48:70|47:70|47:69|46:69|45:68|44:67|43:67|42:67|41:66|40:66|39:66|39:65|38:65|37:65|36:64|35:63|34:62|33:62|33:61|32:61|31:61|31:60|30:60|29:59|28:59|27:58|26:57|25:57|25:56|24:56|23:56|23:55|22:55|21:55|21:54|20:54|19:53|18:52|17:52|17:51|16:51,1.0,301,10,10,True,2024-08-14,2024-08-23,291|292|293|294|295|296|297|298|299|300,results\fossum_roi_x490_step12a_single_auv_weight_duration_sensitivity_20260605_152501\iqr10_maps\C01_representative__2024-08-24_iqr10_raw.npy,results\fossum_roi_x490_step12a_single_auv_weight_duration_sensitivity_20260605_152501\iqr10_maps\C01_representative__2024-08-24_iqr10_norm.npy,8004,0.1623706817626953,1.5305633544921875,0.7698600237396942,1.2083181381225585,8004,0.0,1.0,0.4440086212665558,0.7644738018512726,104.97151947021484,0.6728943586349487,2.863770821721862,results\fossum_roi_x490_step12a_single_auv_weight_duration_sensitivity_20260605_152501\planner_runs\C01_representative__sing__51c49ddc1b,0.6869810922108404,-32.858070373535156,-0.31301890778915964,True
14,C01_representative,2024-08-24,1,12.0,boundary_distance_score_r3_cells,1.0,boundary_distance_score_r3_cells_alpha100,C01_representative__single_auv_12h__boundary_distance_score_r3_cells_alpha100,False,True,False,(1-1.00)*STD_norm + 1.00*boundary_distance_score_r3_cells,SUCCESS,89.56625090003945,,0,results\fossum_roi_x490_step12a_single_auv_weight_duration_sensitivity_20260605_152501\planner_runs\C01_representative__sing__4832e38632,1734.0399393999833,40.113,11.366666666666667,163,93.86407470703124,142.10922241210938,142.10922241210938,0.2453987730061349,1.0,0.074074074074074,0.925925925925926,0,0,0.0,0.0,94.36653137207033,398.1073138999636,0.9946754780775192,0.0,0.0110416406780902,0.6881294702838295,77.29034423828125,0.474173903465271,1.926815352585976,0.0,132.21450805664062,0.8111319541931152,163,True,15:51|15:50|14:49|13:49|13:48|12:48|11:47|10:46|9:46|9:45|8:45|7:44|7:45|7:46|7:47|6:47|6:48|6:49|7:49|7:50|8:50|9:51|10:51|11:52|12:53|13:53|13:54|14:54|15:54|15:55|16:55|17:56|18:56|19:57|20:58|21:58|21:59|22:59|23:59|23:60|24:60|25:60|25:61|26:61|27:62|28:63|29:63|30:64|31:64|31:65|32:65|33:65|33:66|34:66|35:66|35:67|36:67|37:68|38:68|39:69|40:70|41:70|41:71|42:71|43:71|43:72|44:72|45:72|45:73|46:73|47:73|47:74|48:74|49:75|50:76|51:76|51:77|52:77|53:77|53:78|54:78|55:78|55:79|56:79|57:80|58:81|59:81|60:82|61:82|61:83|62:83|63:83|63:82|64:82|65:82|65:81|66:81|65:80|64:79|63:79|63:78|62:78|61:78|61:77|60:77|59:76|58:75|57:75|56:74|55:74|55:73|54:73|53:73|53:72|52:72|51:72|51:71|50:71|49:70|48:69|47:69|46:68|45:68|45:67|44:67|43:67|43:66|42:66|41:66|41:65|40:65|39:65|39:64|38:64|37:63|36:63|35:62|34:61|33:61|33:60|32:60|31:60|31:59|30:59|29:59|29:58|28:58|27:58|27:57|26:57|25:56|24:55|23:55|22:54|21:54|21:53|20:53|19:53|19:52|18:52|17:52|17:51|16:51,1.0,301,10,10,True,2024-08-14,2024-08-23,291|292|293|294|295|296|297|298|299|300,results\fossum_roi_x490_step12a_single_auv_weight_duration_sensitivity_20260605_152501\iqr10_maps\C01_representative__2024-08-24_iqr10_raw.npy,results\fossum_roi_x490_step12a_single_auv_weight_duration_sensitivity_20260605_152501\iqr10_maps\C01_representative__2024-08-24_iqr10_norm.npy,8004,0.1623706817626953,1.5305633544921875,0.7698600237396942,1.2083181381225585,8004,0.0,1.0,0.4440086212665558,0.7644738018512726,104.97151947021484,0.6728943586349487,2.863770821721862,results\fossum_roi_x490_step12a_single_auv_weight_duration_sensitivity_20260605_152501\planner_runs\C01_representative__sing__51c49ddc1b,0.7362982324001893,-27.681175231933594,-0.2637017675998107,True
15,C01_representative,2024-08-24,1,12.0,boundary_distance_score_r5_cells,0.0,baseline_STD,C01_representative__single_auv_12h__baseline_STD,True,True,False,STD_norm,SUCCESS,398.1073138999636,,0,results\fossum_roi_x490_step12a_single_auv_weight_duration_sensitivity_20260605_152501\planner_runs\C01_representative__sing__51c49ddc1b,1734.0449954000069,36.655,10.566666666666666,156,94.36653137207033,76.25198364257812,94.36653137207033,0.3525641025641026,0.391025641025641,1.0,0.0,0,0,0.0,0.0,94.36653137207033,398.1073138999636,1.0,0.0,0.0025055917673577,0.4521015165115333,104.97151947021484,0.6728943586349487,2.863770821721862,0.22435897435897437,168.95108032226562,1.083019733428955,156,True,15:51|16:51|17:52|18:52|19:53|20:53|21:53|21:54|22:54|23:54|23:55|24:55|25:55|25:56|26:56|26:57|25:57|25:58|25:59|24:59|24:60|24:61|25:61|26:62|26:63|27:63|27:64|28:65|29:65|29:66|29:67|30:67|31:68|31:69|32:69|32:70|33:71|34:72|35:73|36:74|37:74|38:75|39:75|40:75|41:75|41:74|41:73|42:73|43:73|43:72|43:71|42:71|42:70|42:69|41:69|41:68|40:68|39:68|39:67|38:67|37:67|36:67|36:66|36:65|37:65|37:64|37:63|37:62|37:61|37:60|37:59|36:59|36:58|36:57|36:56|35:56|35:55|34:55|33:54|33:53|32:53|31:53|31:52|30:51|29:51|29:50|28:50|28:49|27:49|27:48|27:47|26:47|26:46|26:45|26:44|26:43|25:43|25:42|25:41|25:40|25:39|26:39|26:38|26:37|27:36|27:35|26:34|25:33|24:32|24:31|24:30|23:29|23:28|23:27|22:27|21:27|20:27|19:27|18:27|17:26|16:25|15:25|16:26|16:27|17:28|17:29|18:29|18:30|18:31|19:31|19:32|19:33|19:34|19:35|19:36|19:37|18:38|18:39|17:39|17:40|16:41|17:42|17:43|17:44|18:45|17:45|17:46|16:46|15:46|14:47|13:47|13:48|13:49|14:50|14:51|14:52,1.0,301,10,10,True,2024-08-14,2024-08-23,291|292|293|294|295|296|297|298|299|300,results\fossum_roi_x490_step12a_single_auv_weight_duration_sensitivity_20260605_152501\iqr10_maps\C01_representative__2024-08-24_iqr10_raw.npy,results\fossum_roi_x490_step12a_single_auv_weight_duration_sensitivity_20260605_152501\iqr10_maps\C01_representative__2024-08-24_iqr10_norm.npy,8004,0.1623706817626953,1.5305633544921875,0.7698600237396942,1.2083181381225585,8004,0.0,1.0,0.4440086212665558,0.7644738018512726,104.97151947021484,0.6728943586349487,2.863770821721862,results\fossum_roi_x490_step12a_single_auv_weight_duration_sensitivity_20260605_152501\planner_runs\C01_representative__sing__51c49ddc1b,1.0,0.0,0.0,True
16,C01_representative,2024-08-24,1,12.0,boundary_distance_score_r5_cells,0.25,boundary_distance_score_r5_cells_alpha025,C01_representative__single_auv_12h__boundary_distance_score_r5_cells_alpha025,False,True,False,(1-0.25)*STD_norm + 0.25*boundary_distance_score_r5_cells,SUCCESS,370.8505821999861,,0,results\fossum_roi_x490_step12a_single_auv_weight_duration_sensitivity_20260605_152501\planner_runs\C01_representative__sing__57e4bae93c,1734.049928100023,38.507,11.116666666666667,144,87.50467681884766,120.62911987304688,105.63512420654295,0.3680555555555556,0.7986111111111112,0.075268817204301,0.9247311827956988,0,0,0.0,0.0,94.36653137207033,398.1073138999636,0.9272850823967704,0.0,0.0026892522100777,0.6246545680334588,75.12998962402344,0.5217360258102417,1.9510735612751822,0.0,126.17369079589844,0.8762061595916748,144,True,15:51|15:50|14:49|13:48|13:47|12:47|11:46|10:45|9:45|8:46|7:47|6:48|7:49|8:50|9:51|8:52|7:53|6:54|7:55|8:56|9:57|10:57|11:56|12:55|13:55|13:56|14:57|15:58|15:59|16:59|17:59|18:59|19:59|20:60|21:60|22:60|23:60|24:60|25:61|26:62|27:63|28:64|28:65|28:66|29:67|29:68|29:69|30:69|31:70|32:71|33:71|34:70|34:69|35:69|35:68|36:67|37:67|37:68|38:68|39:68|39:69|40:69|41:70|41:71|42:71|42:72|43:73|44:74|44:75|45:75|45:76|46:76|47:76|47:77|48:77|49:77|50:77|51:77|51:76|52:76|53:76|53:75|52:75|52:74|52:73|51:73|51:72|50:72|49:72|49:71|48:71|47:71|47:70|47:69|48:68|48:67|48:66|47:66|46:67|45:67|44:67|44:66|44:65|45:65|45:64|45:63|45:62|44:62|43:62|42:62|41:62|40:62|39:62|39:63|38:63|37:63|36:63|35:63|34:63|33:63|33:62|32:61|31:60|31:59|30:58|29:58|29:57|28:57|27:57|27:56|26:56|25:56|24:56|23:56|22:56|21:56|21:55|20:54|19:54|19:53|18:53|17:52|17:51|16:51,1.0,301,10,10,True,2024-08-14,2024-08-23,291|292|293|294|295|296|297|298|299|300,results\fossum_roi_x490_step12a_single_auv_weight_duration_sensitivity_20260605_152501\iqr10_maps\C01_representative__2024-08-24_iqr10_raw.npy,results\fossum_roi_x490_step12a_single_auv_weight_duration_sensitivity_20260605_152501\iqr10_maps\C01_representative__2024-08-24_iqr10_norm.npy,8004,0.1623706817626953,1.5305633544921875,0.7698600237396942,1.2083181381225585,8004,0.0,1.0,0.4440086212665558,0.7644738018512726,104.97151947021484,0.6728943586349487,2.863770821721862,results\fossum_roi_x490_step12a_single_auv_weight_duration_sensitivity_20260605_152501\planner_runs\C01_representative__sing__51c49ddc1b,0.7157178442609969,-29.841529846191406,-0.28428215573900306,True
17,C01_representative,2024-08-24,1,12.0,boundary_distance_score_r5_cells,0.5,boundary_distance_score_r5_cells_alpha050,C01_representative__single_auv_12h__boundary_distance_score_r5_cells_alpha050,False,True,False,(1-0.50)*STD_norm + 0.50*boundary_distance_score_r5_cells,SUCCESS,311.4478547999752,,0,results\fossum_roi_x490_step12a_single_auv_weight_duration_sensitivity_20260605_152501\planner_runs\C01_representative__sing__a090b6388e,1734.0542867999757,38.249,11.066666666666666,163,95.85861206054688,135.7786865234375,125.24044799804688,0.2760736196319018,0.7607361963190185,0.074074074074074,0.925925925925926,0,0,0.0,0.0,94.36653137207033,398.1073138999636,1.0158115453305532,0.0,0.0032005340559633,0.6761046808819865,87.99882507324219,0.5398700833320618,2.3006830263076727,0.04294478527607362,146.86575317382812,0.901016891002655,163,True,15:51|15:50|14:49|13:48|13:47|13:46|13:45|13:44|13:43|13:42|12:42|11:42|11:43|10:43|9:43|8:43|7:43|7:42|6:42|5:42|5:43|4:43|3:43|3:44|3:45|2:45|3:46|3:47|4:47|5:47|5:48|6:48|7:48|7:49|8:49|9:49|10:50|10:51|11:51|11:52|12:53|12:54|12:55|12:56|12:57|12:58|13:58|14:57|15:57|16:57|17:57|17:58|18:58|19:58|19:59|20:59|21:59|21:58|22:58|23:58|23:57|24:57|24:58|24:59|25:59|25:60|25:61|25:62|26:62|27:62|27:63|28:63|29:63|29:64|29:65|29:66|29:67|29:68|29:69|30:69|31:69|31:70|31:71|32:71|33:71|34:72|35:72|36:72|37:72|37:73|38:73|39:73|40:73|41:73|41:74|42:74|43:74|44:75|45:75|46:75|47:75|47:76|48:76|49:76|49:75|49:74|49:73|50:73|50:72|50:71|49:71|48:71|47:71|46:71|45:70|45:69|45:68|44:67|43:67|43:66|42:66|41:65|40:64|39:64|39:63|38:63|37:62|36:62|35:62|35:63|34:63|33:63|32:62|32:61|31:61|31:60|31:59|30:59|29:58|29:57|28:57|28:56|28:55|27:55|27:54|27:53|26:53|26:52|25:52|24:51|23:51|22:51|21:51|21:52|21:53|20:53|19:53|19:54|18:53|17:52|17:51|16:51|16:50,1.0,301,10,10,True,2024-08-14,2024-08-23,291|292|293|294|295|296|297|298|299|300,results\fossum_roi_x490_step12a_single_auv_weight_duration_sensitivity_20260605_152501\iqr10_maps\C01_representative__2024-08-24_iqr10_raw.npy,results\fossum_roi_x490_step12a_single_auv_weight_duration_sensitivity_20260605_152501\iqr10_maps\C01_representative__2024-08-24_iqr10_norm.npy,8004,0.1623706817626953,1.5305633544921875,0.7698600237396942,1.2083181381225585,8004,0.0,1.0,0.4440086212665558,0.7644738018512726,104.97151947021484,0.6728943586349487,2.863770821721862,results\fossum_roi_x490_step12a_single_auv_weight_duration_sensitivity_20260605_152501\planner_runs\C01_representative__sing__51c49ddc1b,0.8383114345430756,-16.972694396972656,-0.16168856545692448,True
18,C01_representative,2024-08-24,1,12.0,boundary_distance_score_r5_cells,0.75,boundary_distance_score_r5_cells_alpha075,C01_representative__single_auv_12h__boundary_distance_score_r5_cells_alpha075,False,True,False,(1-0.75)*STD_norm + 0.75*boundary_distance_score_r5_cells,SUCCESS,189.1571465000161,,0,results\fossum_roi_x490_step12a_single_auv_weight_duration_sensitivity_20260605_152501\planner_runs\C01_representative__sing__a68d8680bb,1734.05887790001,38.933,11.233333333333333,157,92.39990234375,141.50027465820312,135.83058166503906,0.3312101910828025,0.961783439490446,0.0830449826989619,0.916955017301038,0,0,0.0,0.0,94.36653137207033,398.1073138999636,0.9791596766382538,0.0,0.0052588084035007,0.6697791320027804,78.63656616210938,0.500869870185852,2.019792108548259,0.0,133.08218383789062,0.8476572036743164,157,True,15:51|16:51|17:52|18:52|19:53|20:53|21:53|21:54|22:54|23:54|23:55|24:55|25:55|25:56|26:56|27:56|27:57|28:57|29:58|29:59|30:59|31:59|32:59|33:58|34:58|34:59|35:59|36:60|36:61|37:61|37:62|38:63|39:63|39:64|39:65|40:65|41:65|41:66|42:66|43:66|43:67|44:67|45:67|46:68|47:68|47:69|48:70|49:70|49:71|50:71|51:72|51:73|52:73|53:73|54:73|55:74|56:74|57:74|57:75|58:75|59:76|59:77|60:77|61:77|61:78|62:79|63:79|63:80|64:80|63:81|62:82|61:83|60:82|59:82|59:81|58:81|57:80|56:80|55:80|55:79|54:79|53:79|52:78|51:78|51:77|50:77|49:76|49:75|48:75|47:75|47:74|46:74|45:74|45:73|44:73|43:73|42:73|41:72|40:72|40:71|39:71|39:70|38:69|37:69|37:68|36:68|35:68|34:68|33:68|32:68|32:67|33:67|33:66|33:65|34:65|34:64|33:64|32:64|31:64|31:63|30:63|29:63|28:63|27:63|27:62|26:62|25:61|24:61|23:60|22:59|21:59|21:58|20:58|19:58|18:58|17:58|16:58|15:58|15:57|14:57|13:56|13:55|12:55|11:55|10:55|9:55|8:55|8:54|9:53|9:52|9:51|10:51|10:50|11:50|12:50|13:50|14:50,1.0,301,10,10,True,2024-08-14,2024-08-23,291|292|293|294|295|296|297|298|299|300,results\fossum_roi_x490_step12a_single_auv_weight_duration_sensitivity_20260605_152501\iqr10_maps\C01_representative__2024-08-24_iqr10_raw.npy,results\fossum_roi_x490_step12a_single_auv_weight_duration_sensitivity_20260605_152501\iqr10_maps\C01_representative__2024-08-24_iqr10_norm.npy,8004,0.1623706817626953,1.5305633544921875,0.7698600237396942,1.2083181381225585,8004,0.0,1.0,0.4440086212665558,0.7644738018512726,104.97151947021484,0.6728943586349487,2.863770821721862,results\fossum_roi_x490_step12a_single_auv_weight_duration_sensitivity_20260605_152501\planner_runs\C01_representative__sing__51c49ddc1b,0.7491228721750771,-26.33495330810547,-0.2508771278249229,True
19,C01_representative,2024-08-24,1,12.0,boundary_distance_score_r5_cells,1.0,boundary_distance_score_r5_cells_alpha100,C01_representative__single_auv_12h__boundary_distance_score_r5_cells_alpha100,False,True,False,(1-1.00)*STD_norm + 1.00*boundary_distance_score_r5_cells,SUCCESS,92.5939870000002,,0,results\fossum_roi_x490_step12a_single_auv_weight_duration_sensitivity_20260605_152501\planner_runs\C01_representative__sing__b7a82cca1c,1734.0637443999876,39.252,11.15,163,93.690673828125,149.73248291015625,149.73248291015625,0.2822085889570552,1.0,0.0562913907284768,0.9437086092715232,0,0,0.0,0.0,94.36653137207033,398.1073138999636,0.9928379528830988,0.0,0.0106844470681647,0.6901180196066294,77.52534484863281,0.47561562061309814,1.9750673812451036,0.0,132.5360107421875,0.8131043314933777,163,True,15:51|15:50|15:49|14:49|14:48|13:48|13:47|12:47|11:47|11:46|10:46|10:47|9:47|9:48|8:49|7:49|7:50|8:51|9:51|9:52|10:52|11:52|11:53|12:53|13:53|13:54|14:54|15:55|16:56|17:56|17:57|18:57|19:57|19:58|20:58|21:58|21:59|22:59|23:60|24:61|25:61|26:62|27:62|27:63|28:63|29:63|29:64|30:64|31:64|31:65|32:65|33:66|34:66|35:67|36:68|37:68|38:69|39:69|39:70|40:70|41:70|41:71|42:71|43:71|43:72|44:72|45:73|46:73|47:74|48:75|49:75|49:76|50:76|51:76|51:77|52:77|53:77|53:78|54:78|55:79|56:80|57:80|57:81|58:81|59:81|59:82|60:82|61:82|61:83|62:83|63:84|63:83|64:83|65:82|65:81|66:81|66:80|65:80|65:79|64:79|63:78|63:77|62:77|61:77|61:76|60:76|59:75|58:75|57:74|56:73|55:73|55:72|54:72|53:72|53:71|52:71|51:71|51:70|50:70|49:69|48:69|47:68|46:67|45:67|45:66|44:66|43:66|43:65|42:65|41:65|41:64|40:64|39:64|39:63|38:63|37:62|36:61|35:61|34:60|33:60|33:59|32:59|31:59|31:58|30:58|29:58|29:57|28:57|27:57|27:56|26:56|25:55|24:55|23:54|22:53|21:53|21:52|20:52|19:52|19:51|18:51|17:51|16:51,1.0,301,10,10,True,2024-08-14,2024-08-23,291|292|293|294|295|296|297|298|299|300,results\fossum_roi_x490_step12a_single_auv_weight_duration_sensitivity_20260605_152501\iqr10_maps\C01_representative__2024-08-24_iqr10_raw.npy,results\fossum_roi_x490_step12a_single_auv_weight_duration_sensitivity_20260605_152501\iqr10_maps\C01_representative__2024-08-24_iqr10_norm.npy,8004,0.1623706817626953,1.5305633544921875,0.7698600237396942,1.2083181381225585,8004,0.0,1.0,0.4440086212665558,0.7644738018512726,104.97151947021484,0.6728943586349487,2.863770821721862,results\fossum_roi_x490_step12a_single_auv_weight_duration_sensitivity_20260605_152501\planner_runs\C01_representative__sing__51c49ddc1b,0.7385369406854233,-27.44617462158203,-0.26146305931457675,True
20,C01_representative,2024-08-24,1,12.0,interest_map,0.0,baseline_STD,C01_representative__single_auv_12h__baseline_STD,True,True,False,STD_norm,SUCCESS,398.1073138999636,,0,results\fossum_roi_x490_step12a_single_auv_weight_duration_sensitivity_20260605_152501\planner_runs\C01_representative__sing__51c49ddc1b,1734.0700297000003,36.655,10.566666666666666,156,94.36653137207033,54.29492950439453,94.36653137207033,0.3525641025641026,0.0,1.0,0.0,0,0,0.0,0.0,94.36653137207033,398.1073138999636,1.0,0.0,0.0025055917673577,0.5244608117396133,104.97151947021484,0.6728943586349487,2.863770821721862,0.22435897435897437,168.95108032226562,1.083019733428955,156,True,15:51|16:51|17:52|18:52|19:53|20:53|21:53|21:54|22:54|23:54|23:55|24:55|25:55|25:56|26:56|26:57|25:57|25:58|25:59|24:59|24:60|24:61|25:61|26:62|26:63|27:63|27:64|28:65|29:65|29:66|29:67|30:67|31:68|31:69|32:69|32:70|33:71|34:72|35:73|36:74|37:74|38:75|39:75|40:75|41:75|41:74|41:73|42:73|43:73|43:72|43:71|42:71|42:70|42:69|41:69|41:68|40:68|39:68|39:67|38:67|37:67|36:67|36:66|36:65|37:65|37:64|37:63|37:62|37:61|37:60|37:59|36:59|36:58|36:57|36:56|35:56|35:55|34:55|33:54|33:53|32:53|31:53|31:52|30:51|29:51|29:50|28:50|28:49|27:49|27:48|27:47|26:47|26:46|26:45|26:44|26:43|25:43|25:42|25:41|25:40|25:39|26:39|26:38|26:37|27:36|27:35|26:34|25:33|24:32|24:31|24:30|23:29|23:28|23:27|22:27|21:27|20:27|19:27|18:27|17:26|16:25|15:25|16:26|16:27|17:28|17:29|18:29|18:30|18:31|19:31|19:32|19:33|19:34|19:35|19:36|19:37|18:38|18:39|17:39|17:40|16:41|17:42|17:43|17:44|18:45|17:45|17:46|16:46|15:46|14:47|13:47|13:48|13:49|14:50|14:51|14:52,1.0,301,10,10,True,2024-08-14,2024-08-23,291|292|293|294|295|296|297|298|299|300,results\fossum_roi_x490_step12a_single_auv_weight_duration_sensitivity_20260605_152501\iqr10_maps\C01_representative__2024-08-24_iqr10_raw.npy,results\fossum_roi_x490_step12a_single_auv_weight_duration_sensitivity_20260605_152501\iqr10_maps\C01_representative__2024-08-24_iqr10_norm.npy,8004,0.1623706817626953,1.5305633544921875,0.7698600237396942,1.2083181381225585,8004,0.0,1.0,0.4440086212665558,0.7644738018512726,104.97151947021484,0.6728943586349487,2.863770821721862,results\fossum_roi_x490_step12a_single_auv_weight_duration_sensitivity_20260605_152501\planner_runs\C01_representative__sing__51c49ddc1b,1.0,0.0,0.0,True
21,C01_representative,2024-08-24,1,12.0,interest_map,0.25,interest_map_alpha025,C01_representative__single_auv_12h__interest_map_alpha025,False,True,False,(1-0.25)*STD_norm + 0.25*interest_map,SUCCESS,366.8009506999515,,0,results\fossum_roi_x490_step12a_single_auv_weight_duration_sensitivity_20260605_152501\planner_runs\C01_representative__sing__8dd3bf31fe,1734.0748170000152,37.7,10.866666666666667,154,93.93143463134766,54.56851196289063,94.14035034179688,0.3831168831168831,0.0,0.1481481481481481,0.8518518518518519,0,0,0.0,0.0,94.36653137207033,398.1073138999636,0.9953892896729758,0.0,0.0027188619227245,0.6515239822857856,98.28108978271484,0.638188898563385,2.6069254584274493,0.19480519480519481,159.4725341796875,1.0355359315872192,154,True,15:51|16:51|17:52|18:52|19:53|20:53|21:53|21:54|22:54|23:54|23:53|24:53|25:53|26:52|27:52|27:53|27:54|27:55|27:56|27:57|26:58|25:59|24:60|25:61|26:62|27:63|28:64|28:65|28:66|29:67|29:68|29:69|30:69|31:70|32:71|33:71|34:72|35:73|36:74|36:75|35:75|35:76|34:77|33:77|33:78|33:79|34:79|35:79|35:80|35:81|36:81|37:81|37:80|38:80|39:80|40:79|41:79|42:79|43:79|44:79|45:79|45:78|46:77|46:76|46:75|47:75|47:74|46:73|45:73|44:73|43:72|43:71|42:71|42:70|42:69|41:69|41:68|41:67|41:66|41:65|40:65|40:64|40:63|40:62|39:62|38:61|37:61|36:61|36:60|36:59|36:58|36:57|37:56|37:55|37:54|37:53|37:52|37:51|36:50|35:50|35:49|34:49|33:48|33:47|32:47|33:46|33:45|34:45|35:45|35:44|35:43|34:43|33:42|33:41|32:41|31:40|31:39|30:39|30:38|29:37|28:37|28:36|27:36|27:37|26:37|25:37|24:37|23:37|23:38|22:38|22:39|23:39|23:40|23:41|24:41|24:42|23:42|23:43|22:43|21:43|21:44|20:44|19:44|19:45|18:45|17:45|16:46|15:46|14:47|13:47|14:48|14:49|15:49|15:50,1.0,301,10,10,True,2024-08-14,2024-08-23,291|292|293|294|295|296|297|298|299|300,results\fossum_roi_x490_step12a_single_auv_weight_duration_sensitivity_20260605_152501\iqr10_maps\C01_representative__2024-08-24_iqr10_raw.npy,results\fossum_roi_x490_step12a_single_auv_weight_duration_sensitivity_20260605_152501\iqr10_maps\C01_representative__2024-08-24_iqr10_norm.npy,8004,0.1623706817626953,1.5305633544921875,0.7698600237396942,1.2083181381225585,8004,0.0,1.0,0.4440086212665558,0.7644738018512726,104.97151947021484,0.6728943586349487,2.863770821721862,results\fossum_roi_x490_step12a_single_auv_weight_duration_sensitivity_20260605_152501\planner_runs\C01_representative__sing__51c49ddc1b,0.9362643341616258,-6.6904296875,-0.06373566583837416,True
22,C01_representative,2024-08-24,1,12.0,interest_map,0.5,interest_map_alpha050,C01_representative__single_auv_12h__interest_map_alpha050,False,True,False,(1-0.50)*STD_norm + 0.50*interest_map,SUCCESS,289.4963438999839,,0,results\fossum_roi_x490_step12a_single_auv_weight_duration_sensitivity_20260605_152501\planner_runs\C01_representative__sing__b51222f2b4,1734.0798796999734,37.169,10.7,150,87.33991241455078,57.77928161621094,98.71725463867188,0.3133333333333333,0.12,0.0889679715302491,0.9110320284697508,0,0,0.0,0.0,94.36653137207033,398.1073138999636,0.9255390777285768,0.0,0.003442384116009,0.6463278352282601,82.54768371582031,0.5503178834915161,2.220874484538737,0.0,137.29673767089844,0.9153115749359131,150,True,15:51|16:52|17:53|18:54|19:54|20:55|21:55|22:55|23:55|24:55|25:56|26:56|27:56|27:57|28:57|29:57|29:58|30:58|31:59|32:58|33:58|33:57|34:57|35:57|35:56|36:56|36:55|36:54|37:53|37:52|37:51|38:51|39:52|40:53|41:53|41:54|42:55|43:56|43:57|43:58|42:59|41:60|41:61|40:61|39:61|39:62|38:62|37:62|37:63|37:64|37:65|36:65|36:66|36:67|37:67|37:68|38:68|39:68|39:69|40:69|39:70|39:71|38:71|37:71|37:72|36:73|35:73|35:74|34:74|33:75|32:74|31:74|31:73|30:73|29:73|29:72|28:72|28:71|28:70|29:69|29:68|29:67|28:66|28:65|27:65|27:64|26:63|25:63|25:62|24:62|23:62|22:62|21:62|20:62|19:62|18:62|17:62|16:62|15:62|14:62|13:62|12:62|11:62|11:61|11:60|11:59|11:58|11:57|11:56|11:55|10:55|10:54|10:53|9:53|9:52|8:53|7:54|7:55|6:55|6:56|5:55|5:54|5:53|4:53|4:52|4:51|5:51|6:50|6:49|7:49|7:48|8:47|9:46|9:45|10:45|10:44|11:43|12:43|12:42|12:44|12:45|12:46|12:47|13:47|13:48|13:49|13:50|13:51|13:52|14:51,1.0,301,10,10,True,2024-08-14,2024-08-23,291|292|293|294|295|296|297|298|299|300,results\fossum_roi_x490_step12a_single_auv_weight_duration_sensitivity_20260605_152501\iqr10_maps\C01_representative__2024-08-24_iqr10_raw.npy,results\fossum_roi_x490_step12a_single_auv_weight_duration_sensitivity_20260605_152501\iqr10_maps\C01_representative__2024-08-24_iqr10_norm.npy,8004,0.1623706817626953,1.5305633544921875,0.7698600237396942,1.2083181381225585,8004,0.0,1.0,0.4440086212665558,0.7644738018512726,104.97151947021484,0.6728943586349487,2.863770821721862,results\fossum_roi_x490_step12a_single_auv_weight_duration_sensitivity_20260605_152501\planner_runs\C01_representative__sing__51c49ddc1b,0.786381716987938,-22.42383575439453,-0.213618283012062,True
23,C01_representative,2024-08-24,1,12.0,interest_map,0.75,interest_map_alpha075,C01_representative__single_auv_12h__interest_map_alpha075,False,True,False,(1-0.75)*STD_norm + 0.75*interest_map,SUCCESS,279.10742740001297,,0,results\fossum_roi_x490_step12a_single_auv_weight_duration_sensitivity_20260605_152501\planner_runs\C01_representative__sing__d09f080a30,1734.0847438999915,38.719,11.166666666666666,149,83.14356231689453,60.235084533691406,81.24967193603516,0.174496644295302,0.2281879194630872,0.0445205479452054,0.9554794520547946,0,0,0.0,0.0,94.36653137207033,398.1073138999636,0.8810704505930643,0.0,0.0035700588494996,0.6453233652561813,74.53800201416016,0.5002550482749939,1.9251014234396588,0.0,126.17558288574219,0.8468160033226013,149,True,15:51|14:52|13:52|13:53|12:53|13:54|14:54|15:54|15:55|16:55|17:56|17:57|17:58|18:59|19:59|20:59|21:59|22:59|23:59|23:58|24:58|25:58|26:58|27:58|28:58|29:58|29:59|30:59|31:59|32:59|33:59|33:60|34:60|35:60|35:61|36:61|37:62|37:63|38:63|38:64|39:65|40:66|40:67|41:67|41:68|42:68|43:68|43:67|44:67|45:67|45:68|46:69|47:70|47:71|46:71|45:72|44:72|43:73|42:73|41:73|41:74|40:74|39:74|39:75|38:75|37:75|36:75|35:75|35:74|34:74|33:74|33:73|32:73|32:72|32:71|31:71|31:70|30:69|29:69|29:68|28:68|27:67|26:66|25:66|25:65|24:65|23:64|23:63|22:63|21:63|20:63|19:64|18:64|17:64|16:63|15:63|14:63|14:62|13:61|13:60|13:59|12:59|12:58|11:58|10:57|9:57|8:57|7:57|7:56|7:55|6:55|5:55|5:54|4:53|3:53|2:53|1:52|1:51|1:50|1:49|1:48|1:47|1:46|1:45|1:44|2:43|3:42|3:41|3:40|2:39|1:38|1:37|2:37|3:37|4:37|5:37|5:38|6:39|7:40|7:41|8:42|9:43|10:44|11:45|12:46|13:47|14:48|15:49|16:50,1.0,301,10,10,True,2024-08-14,2024-08-23,291|292|293|294|295|296|297|298|299|300,results\fossum_roi_x490_step12a_single_auv_weight_duration_sensitivity_20260605_152501\iqr10_maps\C01_representative__2024-08-24_iqr10_raw.npy,results\fossum_roi_x490_step12a_single_auv_weight_duration_sensitivity_20260605_152501\iqr10_maps\C01_representative__2024-08-24_iqr10_norm.npy,8004,0.1623706817626953,1.5305633544921875,0.7698600237396942,1.2083181381225585,8004,0.0,1.0,0.4440086212665558,0.7644738018512726,104.97151947021484,0.6728943586349487,2.863770821721862,results\fossum_roi_x490_step12a_single_auv_weight_duration_sensitivity_20260605_152501\planner_runs\C01_representative__sing__51c49ddc1b,0.7100783373466357,-30.433517456054688,-0.2899216626533643,True
24,C01_representative,2024-08-24,1,12.0,interest_map,1.0,interest_map_alpha100,C01_representative__single_auv_12h__interest_map_alpha100,False,True,False,(1-1.00)*STD_norm + 1.00*interest_map,SUCCESS,98.40279529994586,,0,results\fossum_roi_x490_step12a_single_auv_weight_duration_sensitivity_20260605_152501\planner_runs\C01_representative__sing__aac4163c2f,1734.0891503000166,37.346,10.8,154,83.84747314453125,62.332645416259766,62.332645416259766,0.1363636363636363,0.2792207792207792,0.0333333333333333,0.9666666666666668,0,0,0.0,0.0,94.36653137207033,398.1073138999636,0.8885297777231601,0.0,0.0100600792662069,0.6569914301297267,74.40460968017578,0.4831468164920807,1.9923046559250197,0.0,126.804931640625,0.8234086632728577,154,True,15:51|16:50|17:50|17:49|18:49|19:48|19:49|20:49|20:50|20:51|21:52|21:53|22:54|23:54|23:55|24:55|25:56|26:56|27:56|27:57|28:57|29:57|29:58|29:59|29:60|29:61|30:61|30:62|30:63|30:64|30:65|31:65|31:66|31:67|32:68|32:69|31:69|30:70|29:70|28:70|27:71|26:71|25:71|24:71|23:71|22:71|22:70|23:69|23:68|23:67|24:67|24:66|24:65|24:64|23:63|23:62|23:61|22:60|21:60|21:59|20:59|19:59|19:58|18:58|17:58|16:58|15:58|14:58|13:58|12:58|11:57|10:56|9:55|8:54|7:54|7:53|6:53|5:52|5:51|4:51|3:51|2:51|1:50|0:50|0:49|1:49|1:48|1:47|1:46|1:45|2:45|2:44|2:43|3:43|3:42|3:41|2:40|1:39|0:38|0:37|0:36|0:35|1:35|1:34|1:33|1:32|2:32|3:32|3:33|4:33|5:33|6:33|7:34|8:34|8:35|7:35|7:36|7:37|6:37|6:38|7:38|8:38|9:38|10:38|10:39|11:39|11:40|12:41|13:41|13:42|13:43|12:43|11:43|11:44|11:45|10:45|9:45|8:45|7:45|6:45|7:46|7:47|7:48|8:49|9:49|9:50|10:50|11:51|12:52|13:52|13:53|14:53|15:53|15:52,1.0,301,10,10,True,2024-08-14,2024-08-23,291|292|293|294|295|296|297|298|299|300,results\fossum_roi_x490_step12a_single_auv_weight_duration_sensitivity_20260605_152501\iqr10_maps\C01_representative__2024-08-24_iqr10_raw.npy,results\fossum_roi_x490_step12a_single_auv_weight_duration_sensitivity_20260605_152501\iqr10_maps\C01_representative__2024-08-24_iqr10_norm.npy,8004,0.1623706817626953,1.5305633544921875,0.7698600237396942,1.2083181381225585,8004,0.0,1.0,0.4440086212665558,0.7644738018512726,104.97151947021484,0.6728943586349487,2.863770821721862,results\fossum_roi_x490_step12a_single_auv_weight_duration_sensitivity_20260605_152501\planner_runs\C01_representative__sing__51c49ddc1b,0.7088075894841908,-30.566909790039062,-0.29119241051580924,True
