z,filepath,x_index_min,x_index_max,y_index_min,y_index_max,mean_temp,std_temp,min_temp,max_temp,missing_fraction
1,results/plots/deterministic_2024_surface_300_thesis_indexed_axes/TEMP_surface_2024_z001.png,1.0,112.0,1.0,64.0,15.953943252563477,0.23273752629756927,15.475000381469727,16.395000457763672,0.033900669642857095
2,results/plots/deterministic_2024_surface_300_thesis_indexed_axes/TEMP_surface_2024_z002.png,1.0,112.0,1.0,64.0,15.972627639770508,0.19350378215312958,15.49813461303711,16.391000747680664,0.033900669642857095
3,results/plots/deterministic_2024_surface_300_thesis_indexed_axes/TEMP_surface_2024_z003.png,1.0,112.0,1.0,64.0,15.978999137878418,0.20565292239189148,15.461504936218262,16.465999603271484,0.033900669642857095
4,results/plots/deterministic_2024_surface_300_thesis_indexed_axes/TEMP_surface_2024_z004.png,1.0,112.0,1.0,64.0,15.890206336975098,0.20520731806755066,15.441514015197754,16.2189998626709,0.033900669642857095
5,results/plots/deterministic_2024_surface_300_thesis_indexed_axes/TEMP_surface_2024_z005.png,1.0,112.0,1.0,64.0,15.686123847961426,0.2870900332927704,15.194999694824219,16.06873893737793,0.033900669642857095
6,results/plots/deterministic_2024_surface_300_thesis_indexed_axes/TEMP_surface_2024_z006.png,1.0,112.0,1.0,64.0,15.533868789672852,0.3715968132019043,14.859999656677246,16.08300018310547,0.033900669642857095
7,results/plots/deterministic_2024_surface_300_thesis_indexed_axes/TEMP_surface_2024_z007.png,1.0,112.0,1.0,64.0,15.492725372314453,0.34120261669158936,14.880999565124512,16.03499984741211,0.033900669642857095
8,results/plots/deterministic_2024_surface_300_thesis_indexed_axes/TEMP_surface_2024_z008.png,1.0,112.0,1.0,64.0,15.515904426574707,0.27943888306617737,14.970000267028809,15.941793441772461,0.033900669642857095
9,results/plots/deterministic_2024_surface_300_thesis_indexed_axes/TEMP_surface_2024_z009.png,1.0,112.0,1.0,64.0,15.536433219909668,0.2517634928226471,14.944000244140625,16.121000289916992,0.033900669642857095
10,results/plots/deterministic_2024_surface_300_thesis_indexed_axes/TEMP_surface_2024_z010.png,1.0,112.0,1.0,64.0,15.530369758605957,0.28337791562080383,14.899999618530273,16.395999908447266,0.033900669642857095
11,results/plots/deterministic_2024_surface_300_thesis_indexed_axes/TEMP_surface_2024_z011.png,1.0,112.0,1.0,64.0,15.600606918334961,0.28543809056282043,15.011242866516113,16.31100082397461,0.033900669642857095
12,results/plots/deterministic_2024_surface_300_thesis_indexed_axes/TEMP_surface_2024_z012.png,1.0,112.0,1.0,64.0,15.77361011505127,0.19214212894439697,15.446999549865723,16.34600067138672,0.033900669642857095
13,results/plots/deterministic_2024_surface_300_thesis_indexed_axes/TEMP_surface_2024_z013.png,1.0,112.0,1.0,64.0,15.899148941040039,0.286550372838974,15.501774787902832,16.656999588012695,0.033900669642857095
14,results/plots/deterministic_2024_surface_300_thesis_indexed_axes/TEMP_surface_2024_z014.png,1.0,112.0,1.0,64.0,16.015789031982422,0.3558337390422821,15.464080810546875,16.785999298095703,0.033900669642857095
15,results/plots/deterministic_2024_surface_300_thesis_indexed_axes/TEMP_surface_2024_z015.png,1.0,112.0,1.0,64.0,16.112003326416016,0.3107532560825348,15.508378982543945,16.674999237060547,0.033900669642857095
16,results/plots/deterministic_2024_surface_300_thesis_indexed_axes/TEMP_surface_2024_z016.png,1.0,112.0,1.0,64.0,16.167949676513672,0.268352746963501,15.544622421264648,16.586999893188477,0.033900669642857095
17,results/plots/deterministic_2024_surface_300_thesis_indexed_axes/TEMP_surface_2024_z017.png,1.0,112.0,1.0,64.0,16.227527618408203,0.2690616846084595,15.588784217834473,16.600000381469727,0.033900669642857095
18,results/plots/deterministic_2024_surface_300_thesis_indexed_axes/TEMP_surface_2024_z018.png,1.0,112.0,1.0,64.0,16.107200622558594,0.2904980480670929,15.564621925354004,16.500558853149414,0.033900669642857095
19,results/plots/deterministic_2024_surface_300_thesis_indexed_axes/TEMP_surface_2024_z019.png,1.0,112.0,1.0,64.0,15.894368171691895,0.3125532567501068,15.359000205993652,16.40999984741211,0.033900669642857095
20,results/plots/deterministic_2024_surface_300_thesis_indexed_axes/TEMP_surface_2024_z020.png,1.0,112.0,1.0,64.0,15.766766548156738,0.3347212076187134,15.163999557495117,16.336000442504883,0.033900669642857095
21,results/plots/deterministic_2024_surface_300_thesis_indexed_axes/TEMP_surface_2024_z021.png,1.0,112.0,1.0,64.0,15.798835754394531,0.2999671399593353,15.317000389099121,16.29199981689453,0.033900669642857095
22,results/plots/deterministic_2024_surface_300_thesis_indexed_axes/TEMP_surface_2024_z022.png,1.0,112.0,1.0,64.0,15.910608291625977,0.2663663923740387,15.513324737548828,16.320999145507812,0.033900669642857095
23,results/plots/deterministic_2024_surface_300_thesis_indexed_axes/TEMP_surface_2024_z023.png,1.0,112.0,1.0,64.0,15.928460121154785,0.2560245990753174,15.456000328063965,16.309307098388672,0.033900669642857095
24,results/plots/deterministic_2024_surface_300_thesis_indexed_axes/TEMP_surface_2024_z024.png,1.0,112.0,1.0,64.0,15.952919960021973,0.2552812695503235,15.39799976348877,16.278955459594727,0.033900669642857095
25,results/plots/deterministic_2024_surface_300_thesis_indexed_axes/TEMP_surface_2024_z025.png,1.0,112.0,1.0,64.0,15.896963119506836,0.20681288838386536,15.440999984741211,16.211000442504883,0.033900669642857095
26,results/plots/deterministic_2024_surface_300_thesis_indexed_axes/TEMP_surface_2024_z026.png,1.0,112.0,1.0,64.0,15.89677906036377,0.17428268492221832,15.368125915527344,16.180999755859375,0.033900669642857095
27,results/plots/deterministic_2024_surface_300_thesis_indexed_axes/TEMP_surface_2024_z027.png,1.0,112.0,1.0,64.0,15.942090034484863,0.1323532611131668,15.394891738891602,16.139999389648438,0.033900669642857095
28,results/plots/deterministic_2024_surface_300_thesis_indexed_axes/TEMP_surface_2024_z028.png,1.0,112.0,1.0,64.0,15.955772399902344,0.10671038925647736,15.449963569641113,16.204999923706055,0.033900669642857095
29,results/plots/deterministic_2024_surface_300_thesis_indexed_axes/TEMP_surface_2024_z029.png,1.0,112.0,1.0,64.0,15.956583976745605,0.06834972649812698,15.719684600830078,16.16699981689453,0.033900669642857095
30,results/plots/deterministic_2024_surface_300_thesis_indexed_axes/TEMP_surface_2024_z030.png,1.0,112.0,1.0,64.0,15.883220672607422,0.09108662605285645,15.674298286437988,16.108999252319336,0.033900669642857095
31,results/plots/deterministic_2024_surface_300_thesis_indexed_axes/TEMP_surface_2024_z031.png,1.0,112.0,1.0,64.0,15.788249015808105,0.09876082092523575,15.607000350952148,16.04599952697754,0.033900669642857095
32,results/plots/deterministic_2024_surface_300_thesis_indexed_axes/TEMP_surface_2024_z032.png,1.0,112.0,1.0,64.0,15.760424613952637,0.19984693825244904,15.51200008392334,16.594999313354492,0.033900669642857095
33,results/plots/deterministic_2024_surface_300_thesis_indexed_axes/TEMP_surface_2024_z033.png,1.0,112.0,1.0,64.0,15.925315856933594,0.3170565068721771,15.545999526977539,16.649999618530273,0.033900669642857095
34,results/plots/deterministic_2024_surface_300_thesis_indexed_axes/TEMP_surface_2024_z034.png,1.0,112.0,1.0,64.0,16.004562377929688,0.38384243845939636,15.498891830444336,16.648820877075195,0.033900669642857095
35,results/plots/deterministic_2024_surface_300_thesis_indexed_axes/TEMP_surface_2024_z035.png,1.0,112.0,1.0,64.0,16.0097599029541,0.37441134452819824,15.432999610900879,16.598766326904297,0.033900669642857095
36,results/plots/deterministic_2024_surface_300_thesis_indexed_axes/TEMP_surface_2024_z036.png,1.0,112.0,1.0,64.0,16.129514694213867,0.28643256425857544,15.560999870300293,16.569000244140625,0.033900669642857095
37,results/plots/deterministic_2024_surface_300_thesis_indexed_axes/TEMP_surface_2024_z037.png,1.0,112.0,1.0,64.0,16.240610122680664,0.17469504475593567,15.855999946594238,16.569000244140625,0.033900669642857095
38,results/plots/deterministic_2024_surface_300_thesis_indexed_axes/TEMP_surface_2024_z038.png,1.0,112.0,1.0,64.0,16.187244415283203,0.11682027578353882,15.908378601074219,16.430999755859375,0.033900669642857095
39,results/plots/deterministic_2024_surface_300_thesis_indexed_axes/TEMP_surface_2024_z039.png,1.0,112.0,1.0,64.0,16.166696548461914,0.10246895998716354,15.943891525268555,16.499000549316406,0.033900669642857095
40,results/plots/deterministic_2024_surface_300_thesis_indexed_axes/TEMP_surface_2024_z040.png,1.0,112.0,1.0,64.0,16.111207962036133,0.12722750008106232,15.833595275878906,16.45800018310547,0.033900669642857095
41,results/plots/deterministic_2024_surface_300_thesis_indexed_axes/TEMP_surface_2024_z041.png,1.0,112.0,1.0,64.0,16.058828353881836,0.1490989774465561,15.73799991607666,16.38599967956543,0.033900669642857095
42,results/plots/deterministic_2024_surface_300_thesis_indexed_axes/TEMP_surface_2024_z042.png,1.0,112.0,1.0,64.0,16.185504913330078,0.15485744178295135,15.878271102905273,16.492000579833984,0.033900669642857095
43,results/plots/deterministic_2024_surface_300_thesis_indexed_axes/TEMP_surface_2024_z043.png,1.0,112.0,1.0,64.0,16.22184944152832,0.1675289422273636,15.928594589233398,16.530000686645508,0.033900669642857095
44,results/plots/deterministic_2024_surface_300_thesis_indexed_axes/TEMP_surface_2024_z044.png,1.0,112.0,1.0,64.0,16.2252254486084,0.1787530928850174,15.946252822875977,16.58099937438965,0.033900669642857095
45,results/plots/deterministic_2024_surface_300_thesis_indexed_axes/TEMP_surface_2024_z045.png,1.0,112.0,1.0,64.0,16.239534378051758,0.1738010197877884,15.968000411987305,16.604000091552734,0.033900669642857095
46,results/plots/deterministic_2024_surface_300_thesis_indexed_axes/TEMP_surface_2024_z046.png,1.0,112.0,1.0,64.0,16.250286102294922,0.1650426983833313,15.942000389099121,16.610891342163086,0.033900669642857095
47,results/plots/deterministic_2024_surface_300_thesis_indexed_axes/TEMP_surface_2024_z047.png,1.0,112.0,1.0,64.0,16.21588134765625,0.1439192295074463,15.928999900817871,16.543846130371094,0.033900669642857095
48,results/plots/deterministic_2024_surface_300_thesis_indexed_axes/TEMP_surface_2024_z048.png,1.0,112.0,1.0,64.0,16.180185317993164,0.1451859325170517,15.954000473022461,16.46729850769043,0.033900669642857095
49,results/plots/deterministic_2024_surface_300_thesis_indexed_axes/TEMP_surface_2024_z049.png,1.0,112.0,1.0,64.0,16.223695755004883,0.10987395793199539,16.07554054260254,16.44791030883789,0.033900669642857095
50,results/plots/deterministic_2024_surface_300_thesis_indexed_axes/TEMP_surface_2024_z050.png,1.0,112.0,1.0,64.0,16.295719146728516,0.11015694588422775,16.017000198364258,16.507909774780273,0.033900669642857095
51,results/plots/deterministic_2024_surface_300_thesis_indexed_axes/TEMP_surface_2024_z051.png,1.0,112.0,1.0,64.0,16.239267349243164,0.13877898454666138,15.920000076293945,16.44280242919922,0.033900669642857095
52,results/plots/deterministic_2024_surface_300_thesis_indexed_axes/TEMP_surface_2024_z052.png,1.0,112.0,1.0,64.0,16.164512634277344,0.09890320152044296,15.930648803710938,16.354999542236328,0.033900669642857095
53,results/plots/deterministic_2024_surface_300_thesis_indexed_axes/TEMP_surface_2024_z053.png,1.0,112.0,1.0,64.0,15.978342056274414,0.11063000559806824,15.699405670166016,16.2549991607666,0.033900669642857095
54,results/plots/deterministic_2024_surface_300_thesis_indexed_axes/TEMP_surface_2024_z054.png,1.0,112.0,1.0,64.0,15.792871475219727,0.10702503472566605,15.489577293395996,16.070999145507812,0.033900669642857095
55,results/plots/deterministic_2024_surface_300_thesis_indexed_axes/TEMP_surface_2024_z055.png,1.0,112.0,1.0,64.0,15.658156394958496,0.09970637410879135,15.388134956359863,15.892999649047852,0.033900669642857095
56,results/plots/deterministic_2024_surface_300_thesis_indexed_axes/TEMP_surface_2024_z056.png,1.0,112.0,1.0,64.0,15.499907493591309,0.07974471896886826,15.288396835327148,15.6850004196167,0.033900669642857095
57,results/plots/deterministic_2024_surface_300_thesis_indexed_axes/TEMP_surface_2024_z057.png,1.0,112.0,1.0,64.0,15.245719909667969,0.09170283377170563,14.712432861328125,15.42199993133545,0.033900669642857095
58,results/plots/deterministic_2024_surface_300_thesis_indexed_axes/TEMP_surface_2024_z058.png,1.0,112.0,1.0,64.0,15.091797828674316,0.15167005360126495,14.087864875793457,15.347000122070312,0.033900669642857095
59,results/plots/deterministic_2024_surface_300_thesis_indexed_axes/TEMP_surface_2024_z059.png,1.0,112.0,1.0,64.0,15.060430526733398,0.11508025974035263,14.515918731689453,15.29800033569336,0.033900669642857095
60,results/plots/deterministic_2024_surface_300_thesis_indexed_axes/TEMP_surface_2024_z060.png,1.0,112.0,1.0,64.0,14.999641418457031,0.10436708480119705,14.767162322998047,15.243000030517578,0.033900669642857095
61,results/plots/deterministic_2024_surface_300_thesis_indexed_axes/TEMP_surface_2024_z061.png,1.0,112.0,1.0,64.0,14.90783405303955,0.11123177409172058,14.723090171813965,15.148937225341797,0.033900669642857095
62,results/plots/deterministic_2024_surface_300_thesis_indexed_axes/TEMP_surface_2024_z062.png,1.0,112.0,1.0,64.0,14.803951263427734,0.12753243744373322,14.574297904968262,15.05085563659668,0.033900669642857095
63,results/plots/deterministic_2024_surface_300_thesis_indexed_axes/TEMP_surface_2024_z063.png,1.0,112.0,1.0,64.0,14.762299537658691,0.14167845249176025,14.558586120605469,15.036784172058105,0.033900669642857095
64,results/plots/deterministic_2024_surface_300_thesis_indexed_axes/TEMP_surface_2024_z064.png,1.0,112.0,1.0,64.0,14.822835922241211,0.1136433333158493,14.63293743133545,15.151865005493164,0.033900669642857095
65,results/plots/deterministic_2024_surface_300_thesis_indexed_axes/TEMP_surface_2024_z065.png,1.0,112.0,1.0,64.0,14.727123260498047,0.0956566110253334,14.571343421936035,15.020000457763672,0.033900669642857095
66,results/plots/deterministic_2024_surface_300_thesis_indexed_axes/TEMP_surface_2024_z066.png,1.0,112.0,1.0,64.0,14.734673500061035,0.1042872741818428,14.567999839782715,14.972999572753906,0.033900669642857095
67,results/plots/deterministic_2024_surface_300_thesis_indexed_axes/TEMP_surface_2024_z067.png,1.0,112.0,1.0,64.0,14.717633247375488,0.08885009586811066,14.549036026000977,14.866000175476074,0.033900669642857095
68,results/plots/deterministic_2024_surface_300_thesis_indexed_axes/TEMP_surface_2024_z068.png,1.0,112.0,1.0,64.0,14.66144847869873,0.08324994891881943,14.47599983215332,14.783026695251465,0.033900669642857095
69,results/plots/deterministic_2024_surface_300_thesis_indexed_axes/TEMP_surface_2024_z069.png,1.0,112.0,1.0,64.0,14.59347915649414,0.08654206991195679,14.39900016784668,14.741162300109863,0.033900669642857095
70,results/plots/deterministic_2024_surface_300_thesis_indexed_axes/TEMP_surface_2024_z070.png,1.0,112.0,1.0,64.0,14.66342830657959,0.0998033881187439,14.428999900817871,14.823820114135742,0.033900669642857095
71,results/plots/deterministic_2024_surface_300_thesis_indexed_axes/TEMP_surface_2024_z071.png,1.0,112.0,1.0,64.0,14.765666007995605,0.12397009879350662,14.46399974822998,14.970000267028809,0.033900669642857095
72,results/plots/deterministic_2024_surface_300_thesis_indexed_axes/TEMP_surface_2024_z072.png,1.0,112.0,1.0,64.0,14.661347389221191,0.06158304959535599,14.491000175476074,14.881999969482422,0.033900669642857095
73,results/plots/deterministic_2024_surface_300_thesis_indexed_axes/TEMP_surface_2024_z073.png,1.0,112.0,1.0,64.0,14.709598541259766,0.04749240353703499,14.636361122131348,14.967000007629395,0.033900669642857095
74,results/plots/deterministic_2024_surface_300_thesis_indexed_axes/TEMP_surface_2024_z074.png,1.0,112.0,1.0,64.0,14.92888069152832,0.0942833200097084,14.656396865844727,15.188963890075684,0.033900669642857095
75,results/plots/deterministic_2024_surface_300_thesis_indexed_axes/TEMP_surface_2024_z075.png,1.0,112.0,1.0,64.0,15.131627082824707,0.08820677548646927,14.885469436645508,15.294864654541016,0.033900669642857095
76,results/plots/deterministic_2024_surface_300_thesis_indexed_axes/TEMP_surface_2024_z076.png,1.0,112.0,1.0,64.0,15.26408576965332,0.09461190551519394,15.100234031677246,15.470999717712402,0.033900669642857095
77,results/plots/deterministic_2024_surface_300_thesis_indexed_axes/TEMP_surface_2024_z077.png,1.0,112.0,1.0,64.0,15.376553535461426,0.07586199045181274,15.174135208129883,15.586207389831543,0.033900669642857095
78,results/plots/deterministic_2024_surface_300_thesis_indexed_axes/TEMP_surface_2024_z078.png,1.0,112.0,1.0,64.0,15.232145309448242,0.16008535027503967,14.755999565124512,15.48765754699707,0.033900669642857095
79,results/plots/deterministic_2024_surface_300_thesis_indexed_axes/TEMP_surface_2024_z079.png,1.0,112.0,1.0,64.0,15.101923942565918,0.22155921161174774,14.534000396728516,15.395999908447266,0.033900669642857095
80,results/plots/deterministic_2024_surface_300_thesis_indexed_axes/TEMP_surface_2024_z080.png,1.0,112.0,1.0,64.0,14.844828605651855,0.20417296886444092,14.441514015197754,15.182000160217285,0.033900669642857095
81,results/plots/deterministic_2024_surface_300_thesis_indexed_axes/TEMP_surface_2024_z081.png,1.0,112.0,1.0,64.0,14.909485816955566,0.1727696657180786,14.520541191101074,15.244000434875488,0.033900669642857095
82,results/plots/deterministic_2024_surface_300_thesis_indexed_axes/TEMP_surface_2024_z082.png,1.0,112.0,1.0,64.0,14.92121410369873,0.16244646906852722,14.505000114440918,15.248000144958496,0.033900669642857095
83,results/plots/deterministic_2024_surface_300_thesis_indexed_axes/TEMP_surface_2024_z083.png,1.0,112.0,1.0,64.0,14.935286521911621,0.17911435663700104,14.428000450134277,15.206000328063965,0.033900669642857095
84,results/plots/deterministic_2024_surface_300_thesis_indexed_axes/TEMP_surface_2024_z084.png,1.0,112.0,1.0,64.0,14.815408706665039,0.23214368522167206,14.15999984741211,15.123000144958496,0.033900669642857095
85,results/plots/deterministic_2024_surface_300_thesis_indexed_axes/TEMP_surface_2024_z085.png,1.0,112.0,1.0,64.0,14.612682342529297,0.23011374473571777,13.963000297546387,14.947999954223633,0.033900669642857095
86,results/plots/deterministic_2024_surface_300_thesis_indexed_axes/TEMP_surface_2024_z086.png,1.0,112.0,1.0,64.0,14.510636329650879,0.19777727127075195,13.946000099182129,14.873000144958496,0.033900669642857095
87,results/plots/deterministic_2024_surface_300_thesis_indexed_axes/TEMP_surface_2024_z087.png,1.0,112.0,1.0,64.0,14.50120735168457,0.1632242649793625,14.065999984741211,14.817999839782715,0.033900669642857095
88,results/plots/deterministic_2024_surface_300_thesis_indexed_axes/TEMP_surface_2024_z088.png,1.0,112.0,1.0,64.0,14.551298141479492,0.09944033622741699,14.24899959564209,14.763999938964844,0.033900669642857095
89,results/plots/deterministic_2024_surface_300_thesis_indexed_axes/TEMP_surface_2024_z089.png,1.0,112.0,1.0,64.0,14.585443496704102,0.11584379523992538,14.339730262756348,14.845000267028809,0.033900669642857095
90,results/plots/deterministic_2024_surface_300_thesis_indexed_axes/TEMP_surface_2024_z090.png,1.0,112.0,1.0,64.0,14.65557861328125,0.1476515829563141,14.390000343322754,14.907999992370605,0.033900669642857095
91,results/plots/deterministic_2024_surface_300_thesis_indexed_axes/TEMP_surface_2024_z091.png,1.0,112.0,1.0,64.0,14.745176315307617,0.16243797540664673,14.484270095825195,15.059000015258789,0.033900669642857095
92,results/plots/deterministic_2024_surface_300_thesis_indexed_axes/TEMP_surface_2024_z092.png,1.0,112.0,1.0,64.0,14.866421699523926,0.16734136641025543,14.468541145324707,15.100000381469727,0.033900669642857095
93,results/plots/deterministic_2024_surface_300_thesis_indexed_axes/TEMP_surface_2024_z093.png,1.0,112.0,1.0,64.0,15.114320755004883,0.1649363487958908,14.613325119018555,15.276000022888184,0.033900669642857095
94,results/plots/deterministic_2024_surface_300_thesis_indexed_axes/TEMP_surface_2024_z094.png,1.0,112.0,1.0,64.0,15.205180168151855,0.16166120767593384,14.755352020263672,15.343387603759766,0.033900669642857095
95,results/plots/deterministic_2024_surface_300_thesis_indexed_axes/TEMP_surface_2024_z095.png,1.0,112.0,1.0,64.0,15.22464656829834,0.15249252319335938,14.772270202636719,15.376640319824219,0.033900669642857095
96,results/plots/deterministic_2024_surface_300_thesis_indexed_axes/TEMP_surface_2024_z096.png,1.0,112.0,1.0,64.0,15.220772743225098,0.12484677135944366,14.887459754943848,15.38700008392334,0.033900669642857095
97,results/plots/deterministic_2024_surface_300_thesis_indexed_axes/TEMP_surface_2024_z097.png,1.0,112.0,1.0,64.0,15.417622566223145,0.1274464726448059,15.037864685058594,15.5857572555542,0.033900669642857095
98,results/plots/deterministic_2024_surface_300_thesis_indexed_axes/TEMP_surface_2024_z098.png,1.0,112.0,1.0,64.0,15.273117065429688,0.09744196385145187,15.0333251953125,15.427568435668945,0.033900669642857095
99,results/plots/deterministic_2024_surface_300_thesis_indexed_axes/TEMP_surface_2024_z099.png,1.0,112.0,1.0,64.0,15.161895751953125,0.10210651904344559,14.942000389099121,15.293999671936035,0.033900669642857095
100,results/plots/deterministic_2024_surface_300_thesis_indexed_axes/TEMP_surface_2024_z100.png,1.0,112.0,1.0,64.0,15.163050651550293,0.09819314628839493,14.957649230957031,15.368000030517578,0.033900669642857095
101,results/plots/deterministic_2024_surface_300_thesis_indexed_axes/TEMP_surface_2024_z101.png,1.0,112.0,1.0,64.0,15.35570240020752,0.06253907829523087,15.239973068237305,15.569999694824219,0.033900669642857095
102,results/plots/deterministic_2024_surface_300_thesis_indexed_axes/TEMP_surface_2024_z102.png,1.0,112.0,1.0,64.0,15.721294403076172,0.06844218820333481,15.574342727661133,15.895711898803711,0.033900669642857095
103,results/plots/deterministic_2024_surface_300_thesis_indexed_axes/TEMP_surface_2024_z103.png,1.0,112.0,1.0,64.0,16.152080535888672,0.1078663021326065,15.848999977111816,16.367307662963867,0.033900669642857095
104,results/plots/deterministic_2024_surface_300_thesis_indexed_axes/TEMP_surface_2024_z104.png,1.0,112.0,1.0,64.0,16.452585220336914,0.14965984225273132,16.0939998626709,16.75771141052246,0.033900669642857095
105,results/plots/deterministic_2024_surface_300_thesis_indexed_axes/TEMP_surface_2024_z105.png,1.0,112.0,1.0,64.0,16.063562393188477,0.28209826350212097,15.425999641418457,16.470703125,0.033900669642857095
106,results/plots/deterministic_2024_surface_300_thesis_indexed_axes/TEMP_surface_2024_z106.png,1.0,112.0,1.0,64.0,15.684440612792969,0.3637857735157013,15.067000389099121,16.26799964904785,0.033900669642857095
107,results/plots/deterministic_2024_surface_300_thesis_indexed_axes/TEMP_surface_2024_z107.png,1.0,112.0,1.0,64.0,15.636579513549805,0.3584139347076416,14.918000221252441,16.395000457763672,0.033900669642857095
108,results/plots/deterministic_2024_surface_300_thesis_indexed_axes/TEMP_surface_2024_z108.png,1.0,112.0,1.0,64.0,15.992216110229492,0.36737629771232605,15.22700023651123,16.937999725341797,0.033900669642857095
109,results/plots/deterministic_2024_surface_300_thesis_indexed_axes/TEMP_surface_2024_z109.png,1.0,112.0,1.0,64.0,16.25528907775879,0.319827675819397,15.689000129699707,17.066999435424805,0.033900669642857095
110,results/plots/deterministic_2024_surface_300_thesis_indexed_axes/TEMP_surface_2024_z110.png,1.0,112.0,1.0,64.0,16.20491600036621,0.22750712931156158,15.711999893188477,16.961999893188477,0.033900669642857095
111,results/plots/deterministic_2024_surface_300_thesis_indexed_axes/TEMP_surface_2024_z111.png,1.0,112.0,1.0,64.0,16.30164909362793,0.20554885268211365,15.786999702453613,16.888999938964844,0.033900669642857095
112,results/plots/deterministic_2024_surface_300_thesis_indexed_axes/TEMP_surface_2024_z112.png,1.0,112.0,1.0,64.0,16.39234161376953,0.17197656631469727,15.949000358581543,16.854000091552734,0.033900669642857095
113,results/plots/deterministic_2024_surface_300_thesis_indexed_axes/TEMP_surface_2024_z113.png,1.0,112.0,1.0,64.0,16.081106185913086,0.2141757309436798,15.513999938964844,16.650999069213867,0.033900669642857095
114,results/plots/deterministic_2024_surface_300_thesis_indexed_axes/TEMP_surface_2024_z114.png,1.0,112.0,1.0,64.0,15.89179801940918,0.2508462369441986,15.192999839782715,16.555999755859375,0.033900669642857095
115,results/plots/deterministic_2024_surface_300_thesis_indexed_axes/TEMP_surface_2024_z115.png,1.0,112.0,1.0,64.0,15.380294799804688,0.3098040819168091,14.74899959564209,16.091999053955078,0.033900669642857095
116,results/plots/deterministic_2024_surface_300_thesis_indexed_axes/TEMP_surface_2024_z116.png,1.0,112.0,1.0,64.0,15.244643211364746,0.27790823578834534,14.779000282287598,15.892999649047852,0.033900669642857095
117,results/plots/deterministic_2024_surface_300_thesis_indexed_axes/TEMP_surface_2024_z117.png,1.0,112.0,1.0,64.0,15.230782508850098,0.24466735124588013,14.819999694824219,16.062999725341797,0.033900669642857095
118,results/plots/deterministic_2024_surface_300_thesis_indexed_axes/TEMP_surface_2024_z118.png,1.0,112.0,1.0,64.0,15.172771453857422,0.19252261519432068,14.857999801635742,15.97599983215332,0.033900669642857095
119,results/plots/deterministic_2024_surface_300_thesis_indexed_axes/TEMP_surface_2024_z119.png,1.0,112.0,1.0,64.0,15.082987785339355,0.15299564599990845,14.815999984741211,15.57699966430664,0.033900669642857095
120,results/plots/deterministic_2024_surface_300_thesis_indexed_axes/TEMP_surface_2024_z120.png,1.0,112.0,1.0,64.0,15.14977741241455,0.16347338259220123,14.82800006866455,15.628000259399414,0.033900669642857095
121,results/plots/deterministic_2024_surface_300_thesis_indexed_axes/TEMP_surface_2024_z121.png,1.0,112.0,1.0,64.0,15.186840057373047,0.17395496368408203,14.79800033569336,15.565999984741211,0.033900669642857095
122,results/plots/deterministic_2024_surface_300_thesis_indexed_axes/TEMP_surface_2024_z122.png,1.0,112.0,1.0,64.0,15.28574275970459,0.1994514763355255,14.810999870300293,15.640918731689453,0.033900669642857095
123,results/plots/deterministic_2024_surface_300_thesis_indexed_axes/TEMP_surface_2024_z123.png,1.0,112.0,1.0,64.0,15.513065338134766,0.19514213502407074,14.996999740600586,15.826837539672852,0.033900669642857095
124,results/plots/deterministic_2024_surface_300_thesis_indexed_axes/TEMP_surface_2024_z124.png,1.0,112.0,1.0,64.0,15.742953300476074,0.15362180769443512,15.28600025177002,15.94567584991455,0.033900669642857095
125,results/plots/deterministic_2024_surface_300_thesis_indexed_axes/TEMP_surface_2024_z125.png,1.0,112.0,1.0,64.0,15.933097839355469,0.09246167540550232,15.582054138183594,16.055747985839844,0.033900669642857095
126,results/plots/deterministic_2024_surface_300_thesis_indexed_axes/TEMP_surface_2024_z126.png,1.0,112.0,1.0,64.0,16.018491744995117,0.08617845922708511,15.706000328063965,16.180116653442383,0.033900669642857095
127,results/plots/deterministic_2024_surface_300_thesis_indexed_axes/TEMP_surface_2024_z127.png,1.0,112.0,1.0,64.0,15.963741302490234,0.20122040808200836,15.402000427246094,16.356000900268555,0.033900669642857095
128,results/plots/deterministic_2024_surface_300_thesis_indexed_axes/TEMP_surface_2024_z128.png,1.0,112.0,1.0,64.0,16.347103118896484,0.23639483749866486,15.652999877929688,16.733999252319336,0.033900669642857095
129,results/plots/deterministic_2024_surface_300_thesis_indexed_axes/TEMP_surface_2024_z129.png,1.0,112.0,1.0,64.0,16.90652847290039,0.23071680963039398,16.14900016784668,17.344280242919922,0.033900669642857095
130,results/plots/deterministic_2024_surface_300_thesis_indexed_axes/TEMP_surface_2024_z130.png,1.0,112.0,1.0,64.0,17.28145980834961,0.19237244129180908,16.655649185180664,17.737333297729492,0.033900669642857095
131,results/plots/deterministic_2024_surface_300_thesis_indexed_axes/TEMP_surface_2024_z131.png,1.0,112.0,1.0,64.0,17.09236717224121,0.22951161861419678,16.478595733642578,17.525981903076172,0.033900669642857095
132,results/plots/deterministic_2024_surface_300_thesis_indexed_axes/TEMP_surface_2024_z132.png,1.0,112.0,1.0,64.0,16.50212287902832,0.5649450421333313,15.277999877929688,17.253847122192383,0.033900669642857095
133,results/plots/deterministic_2024_surface_300_thesis_indexed_axes/TEMP_surface_2024_z133.png,1.0,112.0,1.0,64.0,16.474870681762695,0.5901051759719849,15.234999656677246,17.332181930541992,0.033900669642857095
134,results/plots/deterministic_2024_surface_300_thesis_indexed_axes/TEMP_surface_2024_z134.png,1.0,112.0,1.0,64.0,16.327049255371094,0.5983233451843262,15.116999626159668,17.216999053955078,0.033900669642857095
135,results/plots/deterministic_2024_surface_300_thesis_indexed_axes/TEMP_surface_2024_z135.png,1.0,112.0,1.0,64.0,16.16582489013672,0.5993105173110962,15.08899974822998,17.13800048828125,0.033900669642857095
136,results/plots/deterministic_2024_surface_300_thesis_indexed_axes/TEMP_surface_2024_z136.png,1.0,112.0,1.0,64.0,16.18061065673828,0.5203728675842285,15.217000007629395,17.094999313354492,0.033900669642857095
137,results/plots/deterministic_2024_surface_300_thesis_indexed_axes/TEMP_surface_2024_z137.png,1.0,112.0,1.0,64.0,16.216209411621094,0.4232884645462036,15.361000061035156,17.009000778198242,0.033900669642857095
138,results/plots/deterministic_2024_surface_300_thesis_indexed_axes/TEMP_surface_2024_z138.png,1.0,112.0,1.0,64.0,16.188512802124023,0.414185106754303,15.309000015258789,17.02199935913086,0.033900669642857095
139,results/plots/deterministic_2024_surface_300_thesis_indexed_axes/TEMP_surface_2024_z139.png,1.0,112.0,1.0,64.0,16.168058395385742,0.4423784911632538,15.182000160217285,17.051559448242188,0.033900669642857095
140,results/plots/deterministic_2024_surface_300_thesis_indexed_axes/TEMP_surface_2024_z140.png,1.0,112.0,1.0,64.0,16.151872634887695,0.5038193464279175,14.960000038146973,17.130369186401367,0.033900669642857095
141,results/plots/deterministic_2024_surface_300_thesis_indexed_axes/TEMP_surface_2024_z141.png,1.0,112.0,1.0,64.0,16.323598861694336,0.4827133119106293,15.217891693115234,17.236379623413086,0.033900669642857095
142,results/plots/deterministic_2024_surface_300_thesis_indexed_axes/TEMP_surface_2024_z142.png,1.0,112.0,1.0,64.0,16.443714141845703,0.45054373145103455,15.546513557434082,17.33904457092285,0.033900669642857095
143,results/plots/deterministic_2024_surface_300_thesis_indexed_axes/TEMP_surface_2024_z143.png,1.0,112.0,1.0,64.0,16.034576416015625,0.5627951622009277,14.752568244934082,17.145000457763672,0.033900669642857095
144,results/plots/deterministic_2024_surface_300_thesis_indexed_axes/TEMP_surface_2024_z144.png,1.0,112.0,1.0,64.0,16.151376724243164,0.5382503867149353,14.790595054626465,17.20199966430664,0.033900669642857095
145,results/plots/deterministic_2024_surface_300_thesis_indexed_axes/TEMP_surface_2024_z145.png,1.0,112.0,1.0,64.0,16.81409454345703,0.44357356429100037,15.656514167785645,17.618000030517578,0.033900669642857095
146,results/plots/deterministic_2024_surface_300_thesis_indexed_axes/TEMP_surface_2024_z146.png,1.0,112.0,1.0,64.0,16.63827896118164,0.4476853907108307,15.620513916015625,17.417999267578125,0.033900669642857095
147,results/plots/deterministic_2024_surface_300_thesis_indexed_axes/TEMP_surface_2024_z147.png,1.0,112.0,1.0,64.0,15.899444580078125,0.6352010369300842,14.732999801635742,17.05900001525879,0.033900669642857095
148,results/plots/deterministic_2024_surface_300_thesis_indexed_axes/TEMP_surface_2024_z148.png,1.0,112.0,1.0,64.0,15.600279808044434,0.5647187829017639,14.487756729125977,16.74799919128418,0.033900669642857095
149,results/plots/deterministic_2024_surface_300_thesis_indexed_axes/TEMP_surface_2024_z149.png,1.0,112.0,1.0,64.0,15.61196517944336,0.5445380210876465,14.353513717651367,16.648000717163086,0.033900669642857095
150,results/plots/deterministic_2024_surface_300_thesis_indexed_axes/TEMP_surface_2024_z150.png,1.0,112.0,1.0,64.0,15.731308937072754,0.5314396023750305,14.554298400878906,16.816999435424805,0.033900669642857095
151,results/plots/deterministic_2024_surface_300_thesis_indexed_axes/TEMP_surface_2024_z151.png,1.0,112.0,1.0,64.0,15.898466110229492,0.45215484499931335,14.952108383178711,17.03700065612793,0.033900669642857095
152,results/plots/deterministic_2024_surface_300_thesis_indexed_axes/TEMP_surface_2024_z152.png,1.0,112.0,1.0,64.0,16.212963104248047,0.36030715703964233,15.357999801635742,17.200000762939453,0.033900669642857095
153,results/plots/deterministic_2024_surface_300_thesis_indexed_axes/TEMP_surface_2024_z153.png,1.0,112.0,1.0,64.0,16.792129516601562,0.2616315484046936,16.131999969482422,17.551000595092773,0.033900669642857095
154,results/plots/deterministic_2024_surface_300_thesis_indexed_axes/TEMP_surface_2024_z154.png,1.0,112.0,1.0,64.0,17.45880699157715,0.14258024096488953,17.122163772583008,18.172000885009766,0.033900669642857095
155,results/plots/deterministic_2024_surface_300_thesis_indexed_axes/TEMP_surface_2024_z155.png,1.0,112.0,1.0,64.0,17.844091415405273,0.08834259957075119,17.494810104370117,18.30299949645996,0.033900669642857095
156,results/plots/deterministic_2024_surface_300_thesis_indexed_axes/TEMP_surface_2024_z156.png,1.0,112.0,1.0,64.0,17.900938034057617,0.10797805339097977,17.51613426208496,18.149999618530273,0.033900669642857095
157,results/plots/deterministic_2024_surface_300_thesis_indexed_axes/TEMP_surface_2024_z157.png,1.0,112.0,1.0,64.0,17.346500396728516,0.2212909311056137,16.55699920654297,17.639324188232422,0.033900669642857095
158,results/plots/deterministic_2024_surface_300_thesis_indexed_axes/TEMP_surface_2024_z158.png,1.0,112.0,1.0,64.0,17.447128295898438,0.39874958992004395,16.31999969482422,17.87700080871582,0.033900669642857095
159,results/plots/deterministic_2024_surface_300_thesis_indexed_axes/TEMP_surface_2024_z159.png,1.0,112.0,1.0,64.0,17.675865173339844,0.29449817538261414,16.785999298095703,18.094594955444336,0.033900669642857095
160,results/plots/deterministic_2024_surface_300_thesis_indexed_axes/TEMP_surface_2024_z160.png,1.0,112.0,1.0,64.0,17.89419174194336,0.18033578991889954,17.349000930786133,18.22397232055664,0.033900669642857095
161,results/plots/deterministic_2024_surface_300_thesis_indexed_axes/TEMP_surface_2024_z161.png,1.0,112.0,1.0,64.0,18.063783645629883,0.1624755859375,17.55900001525879,18.42475700378418,0.033900669642857095
162,results/plots/deterministic_2024_surface_300_thesis_indexed_axes/TEMP_surface_2024_z162.png,1.0,112.0,1.0,64.0,17.3916015625,0.25951850414276123,16.540000915527344,17.758190155029297,0.033900669642857095
163,results/plots/deterministic_2024_surface_300_thesis_indexed_axes/TEMP_surface_2024_z163.png,1.0,112.0,1.0,64.0,16.597164154052734,0.5242128372192383,15.451000213623047,17.31800079345703,0.033900669642857095
164,results/plots/deterministic_2024_surface_300_thesis_indexed_axes/TEMP_surface_2024_z164.png,1.0,112.0,1.0,64.0,16.463233947753906,0.5902937650680542,15.206541061401367,17.33799934387207,0.033900669642857095
165,results/plots/deterministic_2024_surface_300_thesis_indexed_axes/TEMP_surface_2024_z165.png,1.0,112.0,1.0,64.0,16.760835647583008,0.5269590020179749,15.694784164428711,17.618000030517578,0.033900669642857095
166,results/plots/deterministic_2024_surface_300_thesis_indexed_axes/TEMP_surface_2024_z166.png,1.0,112.0,1.0,64.0,16.47258758544922,0.523654580116272,15.362000465393066,17.384000778198242,0.033900669642857095
167,results/plots/deterministic_2024_surface_300_thesis_indexed_axes/TEMP_surface_2024_z167.png,1.0,112.0,1.0,64.0,16.76259422302246,0.4794037938117981,15.760405540466309,17.573999404907227,0.033900669642857095
168,results/plots/deterministic_2024_surface_300_thesis_indexed_axes/TEMP_surface_2024_z168.png,1.0,112.0,1.0,64.0,17.00994110107422,0.4344674348831177,16.121973037719727,17.8439998626709,0.033900669642857095
169,results/plots/deterministic_2024_surface_300_thesis_indexed_axes/TEMP_surface_2024_z169.png,1.0,112.0,1.0,64.0,17.32303237915039,0.37831833958625793,16.52194595336914,18.024999618530273,0.033900669642857095
170,results/plots/deterministic_2024_surface_300_thesis_indexed_axes/TEMP_surface_2024_z170.png,1.0,112.0,1.0,64.0,17.60664176940918,0.34356188774108887,16.913999557495117,18.1964054107666,0.033900669642857095
171,results/plots/deterministic_2024_surface_300_thesis_indexed_axes/TEMP_surface_2024_z171.png,1.0,112.0,1.0,64.0,17.223617553710938,0.36969080567359924,16.183000564575195,17.853954315185547,0.033900669642857095
172,results/plots/deterministic_2024_surface_300_thesis_indexed_axes/TEMP_surface_2024_z172.png,1.0,112.0,1.0,64.0,16.779033660888672,0.618783175945282,15.156000137329102,17.804000854492188,0.033900669642857095
173,results/plots/deterministic_2024_surface_300_thesis_indexed_axes/TEMP_surface_2024_z173.png,1.0,112.0,1.0,64.0,16.42400550842285,0.7495214343070984,14.472891807556152,17.763999938964844,0.033900669642857095
174,results/plots/deterministic_2024_surface_300_thesis_indexed_axes/TEMP_surface_2024_z174.png,1.0,112.0,1.0,64.0,16.389774322509766,0.7935773730278015,14.312297821044922,17.780000686645508,0.033900669642857095
175,results/plots/deterministic_2024_surface_300_thesis_indexed_axes/TEMP_surface_2024_z175.png,1.0,112.0,1.0,64.0,16.543312072753906,0.7983102202415466,14.738568305969238,17.909000396728516,0.033900669642857095
176,results/plots/deterministic_2024_surface_300_thesis_indexed_axes/TEMP_surface_2024_z176.png,1.0,112.0,1.0,64.0,16.63800048828125,0.7782491445541382,15.168486595153809,18.018999099731445,0.033900669642857095
177,results/plots/deterministic_2024_surface_300_thesis_indexed_axes/TEMP_surface_2024_z177.png,1.0,112.0,1.0,64.0,17.085084915161133,0.6925824284553528,15.866000175476074,18.381000518798828,0.033900669642857095
178,results/plots/deterministic_2024_surface_300_thesis_indexed_axes/TEMP_surface_2024_z178.png,1.0,112.0,1.0,64.0,17.26857566833496,0.45934826135635376,16.319000244140625,18.327999114990234,0.033900669642857095
179,results/plots/deterministic_2024_surface_300_thesis_indexed_axes/TEMP_surface_2024_z179.png,1.0,112.0,1.0,64.0,17.494247436523438,0.33198082447052,16.68899917602539,18.340999603271484,0.033900669642857095
180,results/plots/deterministic_2024_surface_300_thesis_indexed_axes/TEMP_surface_2024_z180.png,1.0,112.0,1.0,64.0,17.382184982299805,0.3217580020427704,16.55299949645996,18.004783630371094,0.033900669642857095
181,results/plots/deterministic_2024_surface_300_thesis_indexed_axes/TEMP_surface_2024_z181.png,1.0,112.0,1.0,64.0,17.732402801513672,0.3331087827682495,16.95400047302246,18.421756744384766,0.033900669642857095
182,results/plots/deterministic_2024_surface_300_thesis_indexed_axes/TEMP_surface_2024_z182.png,1.0,112.0,1.0,64.0,17.845304489135742,0.33552443981170654,16.999000549316406,18.53524398803711,0.033900669642857095
183,results/plots/deterministic_2024_surface_300_thesis_indexed_axes/TEMP_surface_2024_z183.png,1.0,112.0,1.0,64.0,17.7321720123291,0.48927971720695496,16.424999237060547,18.513999938964844,0.033900669642857095
184,results/plots/deterministic_2024_surface_300_thesis_indexed_axes/TEMP_surface_2024_z184.png,1.0,112.0,1.0,64.0,17.24126625061035,0.7127946019172668,15.51099967956543,18.408000946044922,0.033900669642857095
185,results/plots/deterministic_2024_surface_300_thesis_indexed_axes/TEMP_surface_2024_z185.png,1.0,112.0,1.0,64.0,17.264984130859375,0.7218860387802124,15.659000396728516,18.70786476135254,0.033900669642857095
186,results/plots/deterministic_2024_surface_300_thesis_indexed_axes/TEMP_surface_2024_z186.png,1.0,112.0,1.0,64.0,17.500064849853516,0.7201703786849976,15.968000411987305,19.152910232543945,0.033900669642857095
187,results/plots/deterministic_2024_surface_300_thesis_indexed_axes/TEMP_surface_2024_z187.png,1.0,112.0,1.0,64.0,16.862071990966797,0.9623224139213562,15.065999984741211,18.804000854492188,0.033900669642857095
188,results/plots/deterministic_2024_surface_300_thesis_indexed_axes/TEMP_surface_2024_z188.png,1.0,112.0,1.0,64.0,16.479761123657227,0.9650155305862427,14.653054237365723,18.489999771118164,0.033900669642857095
189,results/plots/deterministic_2024_surface_300_thesis_indexed_axes/TEMP_surface_2024_z189.png,1.0,112.0,1.0,64.0,17.108440399169922,0.8724137544631958,15.389162063598633,18.718000411987305,0.033900669642857095
190,results/plots/deterministic_2024_surface_300_thesis_indexed_axes/TEMP_surface_2024_z190.png,1.0,112.0,1.0,64.0,17.828834533691406,0.7562142014503479,16.02440643310547,18.819000244140625,0.033900669642857095
191,results/plots/deterministic_2024_surface_300_thesis_indexed_axes/TEMP_surface_2024_z191.png,1.0,112.0,1.0,64.0,18.565858840942383,0.6005539298057556,16.718189239501953,19.139999389648438,0.033900669642857095
192,results/plots/deterministic_2024_surface_300_thesis_indexed_axes/TEMP_surface_2024_z192.png,1.0,112.0,1.0,64.0,18.869705200195312,0.5823078751564026,17.1727294921875,19.515352249145508,0.033900669642857095
193,results/plots/deterministic_2024_surface_300_thesis_indexed_axes/TEMP_surface_2024_z193.png,1.0,112.0,1.0,64.0,18.284976959228516,0.7231121063232422,16.695676803588867,19.138883590698242,0.033900669642857095
194,results/plots/deterministic_2024_surface_300_thesis_indexed_axes/TEMP_surface_2024_z194.png,1.0,112.0,1.0,64.0,18.001922607421875,0.7684178948402405,16.104999542236328,19.00581169128418,0.033900669642857095
195,results/plots/deterministic_2024_surface_300_thesis_indexed_axes/TEMP_surface_2024_z195.png,1.0,112.0,1.0,64.0,18.263647079467773,0.6090906858444214,16.572999954223633,19.109189987182617,0.033900669642857095
196,results/plots/deterministic_2024_surface_300_thesis_indexed_axes/TEMP_surface_2024_z196.png,1.0,112.0,1.0,64.0,18.979406356811523,0.34637129306793213,17.780675888061523,19.623811721801758,0.033900669642857095
197,results/plots/deterministic_2024_surface_300_thesis_indexed_axes/TEMP_surface_2024_z197.png,1.0,112.0,1.0,64.0,18.844005584716797,0.2518463730812073,17.926864624023438,19.343000411987305,0.033900669642857095
198,results/plots/deterministic_2024_surface_300_thesis_indexed_axes/TEMP_surface_2024_z198.png,1.0,112.0,1.0,64.0,18.513059616088867,0.5466268062591553,17.13599967956543,19.32200050354004,0.033900669642857095
199,results/plots/deterministic_2024_surface_300_thesis_indexed_axes/TEMP_surface_2024_z199.png,1.0,112.0,1.0,64.0,18.392242431640625,0.7130846381187439,16.55299949645996,19.389999389648438,0.033900669642857095
200,results/plots/deterministic_2024_surface_300_thesis_indexed_axes/TEMP_surface_2024_z200.png,1.0,112.0,1.0,64.0,18.4077205657959,0.8615530729293823,16.288000106811523,19.5049991607666,0.033900669642857095
201,results/plots/deterministic_2024_surface_300_thesis_indexed_axes/TEMP_surface_2024_z201.png,1.0,112.0,1.0,64.0,18.897701263427734,0.8027036190032959,16.80500030517578,19.908000946044922,0.033900669642857095
202,results/plots/deterministic_2024_surface_300_thesis_indexed_axes/TEMP_surface_2024_z202.png,1.0,112.0,1.0,64.0,18.204452514648438,0.8909832835197449,16.20599937438965,19.43000030517578,0.033900669642857095
203,results/plots/deterministic_2024_surface_300_thesis_indexed_axes/TEMP_surface_2024_z203.png,1.0,112.0,1.0,64.0,17.793800354003906,0.8955830931663513,16.107999801635742,19.13800048828125,0.033900669642857095
204,results/plots/deterministic_2024_surface_300_thesis_indexed_axes/TEMP_surface_2024_z204.png,1.0,112.0,1.0,64.0,18.30254554748535,0.7024984955787659,16.94499969482422,19.51099967956543,0.033900669642857095
205,results/plots/deterministic_2024_surface_300_thesis_indexed_axes/TEMP_surface_2024_z205.png,1.0,112.0,1.0,64.0,18.784570693969727,0.5275183916091919,17.79199981689453,19.88599967956543,0.033900669642857095
206,results/plots/deterministic_2024_surface_300_thesis_indexed_axes/TEMP_surface_2024_z206.png,1.0,112.0,1.0,64.0,18.1906795501709,0.4317646324634552,17.165000915527344,19.152000427246094,0.033900669642857095
207,results/plots/deterministic_2024_surface_300_thesis_indexed_axes/TEMP_surface_2024_z207.png,1.0,112.0,1.0,64.0,17.423385620117188,0.6133794784545898,15.88599967956543,18.445999145507812,0.033900669642857095
208,results/plots/deterministic_2024_surface_300_thesis_indexed_axes/TEMP_surface_2024_z208.png,1.0,112.0,1.0,64.0,17.577844619750977,0.6246103048324585,16.118999481201172,18.573999404907227,0.033900669642857095
209,results/plots/deterministic_2024_surface_300_thesis_indexed_axes/TEMP_surface_2024_z209.png,1.0,112.0,1.0,64.0,18.220003128051758,0.5243896842002869,16.999000549316406,19.121000289916992,0.033900669642857095
210,results/plots/deterministic_2024_surface_300_thesis_indexed_axes/TEMP_surface_2024_z210.png,1.0,112.0,1.0,64.0,18.47862434387207,0.35301926732063293,17.618000030517578,19.267000198364258,0.033900669642857095
211,results/plots/deterministic_2024_surface_300_thesis_indexed_axes/TEMP_surface_2024_z211.png,1.0,112.0,1.0,64.0,18.947017669677734,0.3411553204059601,17.727514266967773,19.538999557495117,0.033900669642857095
212,results/plots/deterministic_2024_surface_300_thesis_indexed_axes/TEMP_surface_2024_z212.png,1.0,112.0,1.0,64.0,19.621349334716797,0.2873985767364502,18.569351196289062,20.104000091552734,0.033900669642857095
213,results/plots/deterministic_2024_surface_300_thesis_indexed_axes/TEMP_surface_2024_z213.png,1.0,112.0,1.0,64.0,19.12864112854004,0.6040345430374146,17.275999069213867,19.718000411987305,0.033900669642857095
214,results/plots/deterministic_2024_surface_300_thesis_indexed_axes/TEMP_surface_2024_z214.png,1.0,112.0,1.0,64.0,18.345685958862305,0.9368703365325928,16.14900016784668,19.429000854492188,0.033900669642857095
215,results/plots/deterministic_2024_surface_300_thesis_indexed_axes/TEMP_surface_2024_z215.png,1.0,112.0,1.0,64.0,17.810441970825195,1.062209129333496,15.605999946594238,19.256999969482422,0.033900669642857095
216,results/plots/deterministic_2024_surface_300_thesis_indexed_axes/TEMP_surface_2024_z216.png,1.0,112.0,1.0,64.0,17.54129981994629,1.027275562286377,15.461000442504883,19.097000122070312,0.033900669642857095
217,results/plots/deterministic_2024_surface_300_thesis_indexed_axes/TEMP_surface_2024_z217.png,1.0,112.0,1.0,64.0,17.462451934814453,1.0165727138519287,15.40999984741211,18.986000061035156,0.033900669642857095
218,results/plots/deterministic_2024_surface_300_thesis_indexed_axes/TEMP_surface_2024_z218.png,1.0,112.0,1.0,64.0,17.616374969482422,1.0261468887329102,15.6899995803833,19.135000228881836,0.033900669642857095
219,results/plots/deterministic_2024_surface_300_thesis_indexed_axes/TEMP_surface_2024_z219.png,1.0,112.0,1.0,64.0,17.56319808959961,0.9802742600440979,15.744999885559082,19.031999588012695,0.033900669642857095
220,results/plots/deterministic_2024_surface_300_thesis_indexed_axes/TEMP_surface_2024_z220.png,1.0,112.0,1.0,64.0,17.39019203186035,0.8968676328659058,15.718000411987305,18.81999969482422,0.033900669642857095
221,results/plots/deterministic_2024_surface_300_thesis_indexed_axes/TEMP_surface_2024_z221.png,1.0,112.0,1.0,64.0,17.437339782714844,0.7595652937889099,15.973999977111816,18.849000930786133,0.033900669642857095
222,results/plots/deterministic_2024_surface_300_thesis_indexed_axes/TEMP_surface_2024_z222.png,1.0,112.0,1.0,64.0,17.96213150024414,0.6055393218994141,16.711999893188477,19.173999786376953,0.033900669642857095
223,results/plots/deterministic_2024_surface_300_thesis_indexed_axes/TEMP_surface_2024_z223.png,1.0,112.0,1.0,64.0,18.641366958618164,0.5064848065376282,17.636999130249023,19.840999603271484,0.033900669642857095
224,results/plots/deterministic_2024_surface_300_thesis_indexed_axes/TEMP_surface_2024_z224.png,1.0,112.0,1.0,64.0,18.562917709350586,0.5888314247131348,17.06800079345703,19.55699920654297,0.033900669642857095
225,results/plots/deterministic_2024_surface_300_thesis_indexed_axes/TEMP_surface_2024_z225.png,1.0,112.0,1.0,64.0,18.977628707885742,0.7059068083763123,17.187000274658203,19.945999145507812,0.033900669642857095
226,results/plots/deterministic_2024_surface_300_thesis_indexed_axes/TEMP_surface_2024_z226.png,1.0,112.0,1.0,64.0,18.591814041137695,0.6597265601158142,16.97599983215332,19.444631576538086,0.033900669642857095
227,results/plots/deterministic_2024_surface_300_thesis_indexed_axes/TEMP_surface_2024_z227.png,1.0,112.0,1.0,64.0,17.98380470275879,0.8851569890975952,16.200000762939453,19.097000122070312,0.033900669642857095
228,results/plots/deterministic_2024_surface_300_thesis_indexed_axes/TEMP_surface_2024_z228.png,1.0,112.0,1.0,64.0,17.80290412902832,0.9838703870773315,16.011999130249023,19.11199951171875,0.033900669642857095
229,results/plots/deterministic_2024_surface_300_thesis_indexed_axes/TEMP_surface_2024_z229.png,1.0,112.0,1.0,64.0,17.473695755004883,1.020256757736206,15.630999565124512,19.11199951171875,0.033900669642857095
230,results/plots/deterministic_2024_surface_300_thesis_indexed_axes/TEMP_surface_2024_z230.png,1.0,112.0,1.0,64.0,17.29649543762207,1.0399930477142334,15.461000442504883,19.211999893188477,0.033900669642857095
231,results/plots/deterministic_2024_surface_300_thesis_indexed_axes/TEMP_surface_2024_z231.png,1.0,112.0,1.0,64.0,17.19786262512207,0.9629834294319153,15.45300006866455,19.099000930786133,0.033900669642857095
232,results/plots/deterministic_2024_surface_300_thesis_indexed_axes/TEMP_surface_2024_z232.png,1.0,112.0,1.0,64.0,16.921785354614258,0.9088879823684692,15.178999900817871,18.84600067138672,0.033900669642857095
233,results/plots/deterministic_2024_surface_300_thesis_indexed_axes/TEMP_surface_2024_z233.png,1.0,112.0,1.0,64.0,16.92241859436035,0.8358474373817444,15.342000007629395,18.486000061035156,0.033900669642857095
234,results/plots/deterministic_2024_surface_300_thesis_indexed_axes/TEMP_surface_2024_z234.png,1.0,112.0,1.0,64.0,17.017648696899414,0.808225154876709,15.571000099182129,18.382999420166016,0.033900669642857095
235,results/plots/deterministic_2024_surface_300_thesis_indexed_axes/TEMP_surface_2024_z235.png,1.0,112.0,1.0,64.0,17.257659912109375,0.7580585479736328,15.987000465393066,18.604999542236328,0.033900669642857095
236,results/plots/deterministic_2024_surface_300_thesis_indexed_axes/TEMP_surface_2024_z236.png,1.0,112.0,1.0,64.0,17.4665584564209,0.6448032855987549,16.253999710083008,18.617000579833984,0.033900669642857095
237,results/plots/deterministic_2024_surface_300_thesis_indexed_axes/TEMP_surface_2024_z237.png,1.0,112.0,1.0,64.0,16.7821044921875,0.6530106663703918,15.487000465393066,18.038999557495117,0.033900669642857095
238,results/plots/deterministic_2024_surface_300_thesis_indexed_axes/TEMP_surface_2024_z238.png,1.0,112.0,1.0,64.0,16.635948181152344,0.6610870361328125,15.5,17.974000930786133,0.033900669642857095
239,results/plots/deterministic_2024_surface_300_thesis_indexed_axes/TEMP_surface_2024_z239.png,1.0,112.0,1.0,64.0,16.80389404296875,0.6360004544258118,15.680000305175781,18.138999938964844,0.033900669642857095
240,results/plots/deterministic_2024_surface_300_thesis_indexed_axes/TEMP_surface_2024_z240.png,1.0,112.0,1.0,64.0,17.186054229736328,0.5702387094497681,16.007999420166016,18.316936492919922,0.033900669642857095
241,results/plots/deterministic_2024_surface_300_thesis_indexed_axes/TEMP_surface_2024_z241.png,1.0,112.0,1.0,64.0,17.31901741027832,0.44105786085128784,16.260000228881836,18.20800018310547,0.033900669642857095
242,results/plots/deterministic_2024_surface_300_thesis_indexed_axes/TEMP_surface_2024_z242.png,1.0,112.0,1.0,64.0,17.463104248046875,0.3479873538017273,16.472000122070312,18.08300018310547,0.033900669642857095
243,results/plots/deterministic_2024_surface_300_thesis_indexed_axes/TEMP_surface_2024_z243.png,1.0,112.0,1.0,64.0,17.61731719970703,0.3090039789676666,16.62299919128418,18.058000564575195,0.033900669642857095
244,results/plots/deterministic_2024_surface_300_thesis_indexed_axes/TEMP_surface_2024_z244.png,1.0,112.0,1.0,64.0,17.64084243774414,0.36573415994644165,16.548999786376953,18.124000549316406,0.033900669642857095
245,results/plots/deterministic_2024_surface_300_thesis_indexed_axes/TEMP_surface_2024_z245.png,1.0,112.0,1.0,64.0,17.470748901367188,0.4378877878189087,16.277999877929688,17.95199966430664,0.033900669642857095
246,results/plots/deterministic_2024_surface_300_thesis_indexed_axes/TEMP_surface_2024_z246.png,1.0,112.0,1.0,64.0,16.542713165283203,0.5836644768714905,15.35099983215332,17.26099967956543,0.033900669642857095
247,results/plots/deterministic_2024_surface_300_thesis_indexed_axes/TEMP_surface_2024_z247.png,1.0,112.0,1.0,64.0,16.03646469116211,0.5955496430397034,14.843999862670898,17.038000106811523,0.033900669642857095
248,results/plots/deterministic_2024_surface_300_thesis_indexed_axes/TEMP_surface_2024_z248.png,1.0,112.0,1.0,64.0,15.620394706726074,0.5551542639732361,14.444999694824219,16.68400001525879,0.033900669642857095
249,results/plots/deterministic_2024_surface_300_thesis_indexed_axes/TEMP_surface_2024_z249.png,1.0,112.0,1.0,64.0,15.764491081237793,0.5603064298629761,14.647000312805176,16.83799934387207,0.033900669642857095
250,results/plots/deterministic_2024_surface_300_thesis_indexed_axes/TEMP_surface_2024_z250.png,1.0,112.0,1.0,64.0,16.09528350830078,0.5224648714065552,15.190999984741211,17.069000244140625,0.033900669642857095
251,results/plots/deterministic_2024_surface_300_thesis_indexed_axes/TEMP_surface_2024_z251.png,1.0,112.0,1.0,64.0,16.229679107666016,0.45127394795417786,15.427000045776367,17.277000427246094,0.033900669642857095
252,results/plots/deterministic_2024_surface_300_thesis_indexed_axes/TEMP_surface_2024_z252.png,1.0,112.0,1.0,64.0,16.373266220092773,0.4115031659603119,15.628000259399414,17.395000457763672,0.033900669642857095
253,results/plots/deterministic_2024_surface_300_thesis_indexed_axes/TEMP_surface_2024_z253.png,1.0,112.0,1.0,64.0,16.370668411254883,0.3996298611164093,15.416999816894531,17.485000610351562,0.033900669642857095
254,results/plots/deterministic_2024_surface_300_thesis_indexed_axes/TEMP_surface_2024_z254.png,1.0,112.0,1.0,64.0,16.03447723388672,0.38354313373565674,14.970000267028809,17.201000213623047,0.033900669642857095
255,results/plots/deterministic_2024_surface_300_thesis_indexed_axes/TEMP_surface_2024_z255.png,1.0,112.0,1.0,64.0,15.5758638381958,0.5347405076026917,14.515999794006348,16.538999557495117,0.033900669642857095
256,results/plots/deterministic_2024_surface_300_thesis_indexed_axes/TEMP_surface_2024_z256.png,1.0,112.0,1.0,64.0,15.485957145690918,0.6153327226638794,14.545000076293945,16.648000717163086,0.033900669642857095
257,results/plots/deterministic_2024_surface_300_thesis_indexed_axes/TEMP_surface_2024_z257.png,1.0,112.0,1.0,64.0,15.795621871948242,0.5949376821517944,14.904999732971191,16.87505340576172,0.033900669642857095
258,results/plots/deterministic_2024_surface_300_thesis_indexed_axes/TEMP_surface_2024_z258.png,1.0,112.0,1.0,64.0,16.004405975341797,0.5924097895622253,14.994000434875488,17.015649795532227,0.033900669642857095
259,results/plots/deterministic_2024_surface_300_thesis_indexed_axes/TEMP_surface_2024_z259.png,1.0,112.0,1.0,64.0,16.357858657836914,0.5205217599868774,15.300999641418457,17.281999588012695,0.033900669642857095
260,results/plots/deterministic_2024_surface_300_thesis_indexed_axes/TEMP_surface_2024_z260.png,1.0,112.0,1.0,64.0,16.543684005737305,0.42953261733055115,15.604000091552734,17.503000259399414,0.033900669642857095
261,results/plots/deterministic_2024_surface_300_thesis_indexed_axes/TEMP_surface_2024_z261.png,1.0,112.0,1.0,64.0,17.079904556274414,0.3888556957244873,16.371000289916992,17.91699981689453,0.033900669642857095
262,results/plots/deterministic_2024_surface_300_thesis_indexed_axes/TEMP_surface_2024_z262.png,1.0,112.0,1.0,64.0,17.60649299621582,0.28386375308036804,16.950559616088867,18.04081916809082,0.033900669642857095
263,results/plots/deterministic_2024_surface_300_thesis_indexed_axes/TEMP_surface_2024_z263.png,1.0,112.0,1.0,64.0,18.012937545776367,0.18281489610671997,17.489351272583008,18.42837905883789,0.033900669642857095
264,results/plots/deterministic_2024_surface_300_thesis_indexed_axes/TEMP_surface_2024_z264.png,1.0,112.0,1.0,64.0,18.078580856323242,0.21692818403244019,17.501514434814453,18.514999389648438,0.033900669642857095
265,results/plots/deterministic_2024_surface_300_thesis_indexed_axes/TEMP_surface_2024_z265.png,1.0,112.0,1.0,64.0,18.0706787109375,0.26363861560821533,17.35845947265625,18.57200050354004,0.033900669642857095
266,results/plots/deterministic_2024_surface_300_thesis_indexed_axes/TEMP_surface_2024_z266.png,1.0,112.0,1.0,64.0,17.990591049194336,0.29991570115089417,17.256999969482422,18.511999130249023,0.033900669642857095
267,results/plots/deterministic_2024_surface_300_thesis_indexed_axes/TEMP_surface_2024_z267.png,1.0,112.0,1.0,64.0,18.071836471557617,0.25607678294181824,17.385000228881836,18.506000518798828,0.033900669642857095
268,results/plots/deterministic_2024_surface_300_thesis_indexed_axes/TEMP_surface_2024_z268.png,1.0,112.0,1.0,64.0,18.233388900756836,0.20114298164844513,17.76300048828125,18.542999267578125,0.033900669642857095
269,results/plots/deterministic_2024_surface_300_thesis_indexed_axes/TEMP_surface_2024_z269.png,1.0,112.0,1.0,64.0,18.287540435791016,0.15217077732086182,17.85700035095215,18.695999145507812,0.033900669642857095
270,results/plots/deterministic_2024_surface_300_thesis_indexed_axes/TEMP_surface_2024_z270.png,1.0,112.0,1.0,64.0,18.292333602905273,0.17808933556079865,17.974000930786133,18.753999710083008,0.033900669642857095
271,results/plots/deterministic_2024_surface_300_thesis_indexed_axes/TEMP_surface_2024_z271.png,1.0,112.0,1.0,64.0,18.060178756713867,0.2376023232936859,17.614999771118164,18.632999420166016,0.033900669642857095
272,results/plots/deterministic_2024_surface_300_thesis_indexed_axes/TEMP_surface_2024_z272.png,1.0,112.0,1.0,64.0,18.110637664794922,0.3056428134441376,17.51845932006836,18.683351516723633,0.033900669642857095
273,results/plots/deterministic_2024_surface_300_thesis_indexed_axes/TEMP_surface_2024_z273.png,1.0,112.0,1.0,64.0,18.1497802734375,0.35463765263557434,17.56100082397461,18.75337028503418,0.033900669642857095
274,results/plots/deterministic_2024_surface_300_thesis_indexed_axes/TEMP_surface_2024_z274.png,1.0,112.0,1.0,64.0,18.372739791870117,0.3009195625782013,17.823999404907227,18.869918823242188,0.033900669642857095
275,results/plots/deterministic_2024_surface_300_thesis_indexed_axes/TEMP_surface_2024_z275.png,1.0,112.0,1.0,64.0,18.412254333496094,0.21789602935314178,18.016000747680664,18.79083824157715,0.033900669642857095
276,results/plots/deterministic_2024_surface_300_thesis_indexed_axes/TEMP_surface_2024_z276.png,1.0,112.0,1.0,64.0,18.398601531982422,0.17052802443504333,18.06100082397461,18.71869468688965,0.033900669642857095
277,results/plots/deterministic_2024_surface_300_thesis_indexed_axes/TEMP_surface_2024_z277.png,1.0,112.0,1.0,64.0,18.473508834838867,0.1472259908914566,18.13981056213379,18.757631301879883,0.033900669642857095
278,results/plots/deterministic_2024_surface_300_thesis_indexed_axes/TEMP_surface_2024_z278.png,1.0,112.0,1.0,64.0,18.30779266357422,0.15086521208286285,18.03127098083496,18.629783630371094,0.033900669642857095
279,results/plots/deterministic_2024_surface_300_thesis_indexed_axes/TEMP_surface_2024_z279.png,1.0,112.0,1.0,64.0,18.069814682006836,0.14151327311992645,17.834352493286133,18.60700035095215,0.033900669642857095
280,results/plots/deterministic_2024_surface_300_thesis_indexed_axes/TEMP_surface_2024_z280.png,1.0,112.0,1.0,64.0,18.06766700744629,0.21105527877807617,17.768217086791992,19.094999313354492,0.033900669642857095
281,results/plots/deterministic_2024_surface_300_thesis_indexed_axes/TEMP_surface_2024_z281.png,1.0,112.0,1.0,64.0,18.047962188720703,0.2820190191268921,17.694595336914062,18.993999481201172,0.033900669642857095
282,results/plots/deterministic_2024_surface_300_thesis_indexed_axes/TEMP_surface_2024_z282.png,1.0,112.0,1.0,64.0,18.10305404663086,0.24253742396831512,17.560649871826172,18.593000411987305,0.033900669642857095
283,results/plots/deterministic_2024_surface_300_thesis_indexed_axes/TEMP_surface_2024_z283.png,1.0,112.0,1.0,64.0,18.415050506591797,0.24623842537403107,17.872217178344727,18.774999618530273,0.033900669642857095
284,results/plots/deterministic_2024_surface_300_thesis_indexed_axes/TEMP_surface_2024_z284.png,1.0,112.0,1.0,64.0,18.325298309326172,0.20101770758628845,17.74061393737793,18.59600067138672,0.033900669642857095
285,results/plots/deterministic_2024_surface_300_thesis_indexed_axes/TEMP_surface_2024_z285.png,1.0,112.0,1.0,64.0,18.4322452545166,0.17727065086364746,18.01993751525879,18.902999877929688,0.033900669642857095
286,results/plots/deterministic_2024_surface_300_thesis_indexed_axes/TEMP_surface_2024_z286.png,1.0,112.0,1.0,64.0,18.779081344604492,0.25859254598617554,18.25186538696289,19.479000091552734,0.033900669642857095
287,results/plots/deterministic_2024_surface_300_thesis_indexed_axes/TEMP_surface_2024_z287.png,1.0,112.0,1.0,64.0,19.012187957763672,0.3103625178337097,18.498199462890625,19.78499984741211,0.033900669642857095
288,results/plots/deterministic_2024_surface_300_thesis_indexed_axes/TEMP_surface_2024_z288.png,1.0,112.0,1.0,64.0,18.95553970336914,0.30215340852737427,18.382999420166016,19.841999053955078,0.033900669642857095
289,results/plots/deterministic_2024_surface_300_thesis_indexed_axes/TEMP_surface_2024_z289.png,1.0,112.0,1.0,64.0,19.157039642333984,0.36772701144218445,18.34967613220215,20.187000274658203,0.033900669642857095
290,results/plots/deterministic_2024_surface_300_thesis_indexed_axes/TEMP_surface_2024_z290.png,1.0,112.0,1.0,64.0,19.076316833496094,0.42764395475387573,18.13259506225586,20.079999923706055,0.033900669642857095
291,results/plots/deterministic_2024_surface_300_thesis_indexed_axes/TEMP_surface_2024_z291.png,1.0,112.0,1.0,64.0,19.084491729736328,0.4661179780960083,18.199289321899414,20.11400032043457,0.033900669642857095
292,results/plots/deterministic_2024_surface_300_thesis_indexed_axes/TEMP_surface_2024_z292.png,1.0,112.0,1.0,64.0,19.197044372558594,0.4699023962020874,18.32735252380371,20.15999984741211,0.033900669642857095
293,results/plots/deterministic_2024_surface_300_thesis_indexed_axes/TEMP_surface_2024_z293.png,1.0,112.0,1.0,64.0,19.501218795776367,0.42836904525756836,18.593000411987305,20.2549991607666,0.033900669642857095
294,results/plots/deterministic_2024_surface_300_thesis_indexed_axes/TEMP_surface_2024_z294.png,1.0,112.0,1.0,64.0,19.65587043762207,0.38166317343711853,18.640621185302734,20.277000427246094,0.033900669642857095
295,results/plots/deterministic_2024_surface_300_thesis_indexed_axes/TEMP_surface_2024_z295.png,1.0,112.0,1.0,64.0,19.196346282958984,0.4282960891723633,18.327072143554688,19.99799919128418,0.033900669642857095
296,results/plots/deterministic_2024_surface_300_thesis_indexed_axes/TEMP_surface_2024_z296.png,1.0,112.0,1.0,64.0,19.083967208862305,0.38996896147727966,18.484649658203125,19.985000610351562,0.033900669642857095
297,results/plots/deterministic_2024_surface_300_thesis_indexed_axes/TEMP_surface_2024_z297.png,1.0,112.0,1.0,64.0,18.950178146362305,0.332226425409317,18.388071060180664,19.62700080871582,0.033900669642857095
298,results/plots/deterministic_2024_surface_300_thesis_indexed_axes/TEMP_surface_2024_z298.png,1.0,112.0,1.0,64.0,18.600996017456055,0.26973992586135864,18.185405731201172,19.171558380126953,0.033900669642857095
299,results/plots/deterministic_2024_surface_300_thesis_indexed_axes/TEMP_surface_2024_z299.png,1.0,112.0,1.0,64.0,18.230045318603516,0.22611193358898163,17.909000396728516,18.767433166503906,0.033900669642857095
300,results/plots/deterministic_2024_surface_300_thesis_indexed_axes/TEMP_surface_2024_z300.png,1.0,112.0,1.0,64.0,18.00425910949707,0.21378827095031738,17.61400032043457,18.44859504699707,0.033900669642857095
